SEASON,PLAYER_ID,TEAM,START_DATE,END_DATE
2013-14,1889,DEN,2013-10-30,2013-12-30
2013-14,1889,WAS,2014-02-22,2014-04-16
2013-14,2406,MIL,2013-10-30,2014-02-20
2013-14,2406,OKC,2014-03-04,2014-04-16
2013-14,2422,SAC,2013-10-30,2013-12-07
2013-14,2422,TOR,2013-12-13,2014-04-14
2013-14,2501,BKN,2013-10-30,2014-02-07
2013-14,2501,SAC,2014-02-23,2014-04-12
2013-14,2557,MIL,2013-11-15,2014-02-05
2013-14,2557,CHA,2014-02-28,2014-04-16
2013-14,2581,LAL,2013-10-29,2014-02-13
2013-14,2581,GSW,2014-02-20,2014-04-16
2013-14,2736,CHI,2013-10-29,2014-01-04
2013-14,2736,CLE,2014-01-10,2014-04-09
2013-14,2757,NYK,2013-10-30,2014-01-24
2013-14,2757,MEM,2014-03-05,2014-04-13
2013-14,101115,CLE,2013-10-30,2013-12-26
2013-14,101115,IND,2014-03-11,2014-03-15
2013-14,101122,IND,2013-12-20,2014-02-19
2013-14,101122,LAC,2014-03-04,2014-03-27
2013-14,101236,SAC,2013-10-30,2013-12-07
2013-14,101236,TOR,2013-12-20,2014-04-16
2013-14,200752,TOR,2013-10-30,2013-12-06
2013-14,200752,SAC,2013-12-13,2014-04-16
2013-14,200758,HOU,2013-11-01,2014-01-29
2013-14,200758,CHI,2014-04-14,2014-04-14
2013-14,200769,SAS,2014-02-01,2014-02-21
2013-14,200769,NYK,2014-02-27,2014-04-16
2013-14,200811,NOP,2013-11-12,2013-12-27
2013-14,200811,CHI,2014-04-14,2014-04-14
2013-14,201150,PHI,2013-10-30,2014-02-18
2013-14,201150,CLE,2014-02-21,2014-04-16
2013-14,201166,HOU,2013-10-30,2014-02-19
2013-14,201166,DEN,2014-02-21,2014-04-16
2013-14,201175,ORL,2013-11-23,2014-02-19
2013-14,201175,LAC,2014-02-26,2014-04-16
2013-14,201189,TOR,2013-11-02,2013-11-13
2013-14,201189,SAC,2013-12-13,2014-04-16
2013-14,201196,CHA,2013-10-30,2014-02-19
2013-14,201196,MIL,2014-02-22,2014-04-16
2013-14,201202,MIA,2013-11-01,2014-01-07
2013-14,201202,BOS,2014-01-21,2014-04-16
2013-14,201571,TOR,2013-10-30,2013-11-26
2013-14,201571,CHI,2013-12-13,2014-04-16
2013-14,201573,MEM,2013-10-30,2014-01-05
2013-14,201573,BOS,2014-01-07,2014-04-11
2013-14,201584,BOS,2013-10-30,2014-01-03
2013-14,201584,MEM,2014-01-07,2014-04-16
2013-14,201601,SAC,2013-11-02,2013-11-24
2013-14,201601,MIN,2013-11-30,2014-04-16
2013-14,201785,SAS,2014-01-24,2014-01-29
2013-14,201785,MIN,2014-04-08,2014-04-09
2013-14,201858,ATL,2013-10-30,2014-04-16
2013-14,201858,CHI,2014-01-11,2014-01-27
2013-14,201947,CLE,2013-10-30,2014-02-18
2013-14,201947,NYK,2014-02-27,2014-03-15
2013-14,201948,TOR,2013-11-01,2014-02-12
2013-14,201948,SAS,2014-02-26,2014-04-16
2013-14,201957,LAC,2013-10-31,2014-02-01
2013-14,201957,PHI,2014-02-24,2014-04-12
2013-14,201962,GSW,2013-10-30,2014-01-10
2013-14,201962,MIA,2014-01-29,2014-04-16
2013-14,201977,SAC,2013-10-30,2014-02-12
2013-14,201977,BKN,2014-02-26,2014-04-16
2013-14,201986,SAS,2013-11-10,2014-02-19
2013-14,201986,TOR,2014-02-23,2014-04-16
2013-14,202323,PHI,2013-10-30,2014-02-18
2013-14,202323,IND,2014-02-25,2014-04-16
2013-14,202335,SAC,2013-10-30,2013-12-07
2013-14,202335,TOR,2013-12-13,2014-04-16
2013-14,202348,BOS,2013-10-30,2014-01-13
2013-14,202348,GSW,2014-01-17,2014-04-16
2013-14,202349,SAC,2013-10-30,2013-12-07
2013-14,202349,TOR,2013-12-13,2014-04-16
2013-14,202363,CHI,2014-02-21,2014-02-21
2013-14,202363,PHI,2014-03-01,2014-04-16
2013-14,202390,MIL,2013-10-30,2014-02-18
2013-14,202390,CHA,2014-02-28,2014-04-16
2013-14,202399,CHA,2013-10-30,2014-02-19
2013-14,202399,MIL,2014-02-22,2014-04-16
2013-14,202620,NOP,2013-10-30,2013-11-08
2013-14,202620,CLE,2014-02-28,2014-03-04
2013-14,202682,MIN,2013-11-01,2013-11-23
2013-14,202682,SAC,2013-11-29,2014-04-16
2013-14,202686,WAS,2013-11-12,2014-02-19
2013-14,202686,DEN,2014-02-21,2014-04-16
2013-14,202690,SAC,2013-11-02,2014-02-19
2013-14,202690,CHI,2014-03-02,2014-04-14
2013-14,202705,BOS,2013-11-03,2014-01-13
2013-14,202705,GSW,2014-01-17,2014-02-10
2013-14,202705,LAL,2014-02-21,2014-04-16
2013-14,202706,DEN,2013-11-05,2014-02-18
2013-14,202706,HOU,2014-02-25,2014-04-16
2013-14,202721,PHI,2013-10-30,2013-11-18
2013-14,202721,LAC,2014-01-06,2014-01-25
2013-14,202721,MEM,2014-02-05,2014-02-12
2013-14,202730,PHI,2013-10-30,2014-02-18
2013-14,202730,IND,2014-02-25,2014-04-16
2013-14,202952,SAS,2014-01-19,2014-01-19
2013-14,202952,UTA,2014-01-31,2014-04-16
2013-14,203099,ATL,2013-11-07,2014-01-31
2013-14,203099,SAC,2014-03-31,2014-04-16
2013-14,203104,CHI,2013-11-06,2013-12-25
2013-14,203104,BKN,2014-01-31,2014-04-16
2013-14,203112,TOR,2013-11-09,2013-12-06
2013-14,203112,SAC,2013-12-15,2014-04-16
2013-14,203120,CHA,2014-03-08,2014-03-08
2013-14,203120,MIA,2014-03-28,2014-04-16
2013-14,203145,GSW,2013-10-30,2014-02-10
2013-14,203145,LAL,2014-02-21,2014-04-06
2013-14,203156,CLE,2013-11-02,2014-02-19
2013-14,203156,PHI,2014-02-24,2014-04-16
2013-14,203263,ATL,2014-01-16,2014-01-31
2013-14,203263,PHI,2014-03-17,2014-04-05
2013-14,203473,GSW,2013-11-18,2013-12-03
2013-14,203473,PHI,2014-01-15,2014-02-01
2013-14,203473,ORL,2014-03-01,2014-04-16
2013-14,203480,CHA,2013-11-29,2013-11-29
2013-14,203480,NOP,2014-04-11,2014-04-14
2013-14,203519,ORL,2014-03-01,2014-03-08
2013-14,203519,PHI,2014-04-11,2014-04-16
2013-14,203552,MEM,2014-01-05,2014-01-05
2013-14,203552,CLE,2014-03-22,2014-03-22
2014-15,708,BKN,2014-10-29,2015-02-10
2014-15,708,MIN,2015-02-25,2015-03-07
2014-15,1889,WAS,2014-10-29,2015-02-11
2014-15,1889,SAC,2015-02-20,2015-04-15
2014-15,2405,NYK,2014-10-29,2015-02-11
2014-15,2405,DAL,2015-02-22,2015-04-15
2014-15,2419,MEM,2014-10-31,2015-01-09
2014-15,2419,BOS,2015-01-19,2015-02-11
2014-15,2419,DET,2015-02-24,2015-04-10
2014-15,2570,OKC,2014-10-29,2015-02-11
2014-15,2570,CLE,2015-02-24,2015-04-15
2014-15,2590,MIN,2014-10-29,2015-02-09
2014-15,2590,CHA,2015-02-21,2015-04-10
2014-15,2746,DET,2014-10-29,2014-12-21
2014-15,2746,HOU,2014-12-26,2015-04-15
2014-15,2747,NYK,2014-10-29,2015-01-04
2014-15,2747,CLE,2015-01-07,2015-04-15
2014-15,2749,DAL,2014-10-28,2014-12-17
2014-15,2749,BOS,2014-12-21,2015-01-02
2014-15,2749,DEN,2015-01-16,2015-04-04
2014-15,101126,DEN,2014-10-29,2015-01-09
2014-15,101126,LAC,2015-03-08,2015-03-22
2014-15,101183,PHX,2014-10-29,2015-01-04
2014-15,101183,BOS,2015-02-20,2015-03-20
2014-15,200761,MIA,2014-10-29,2015-02-01
2014-15,200761,DET,2015-02-27,2015-04-15
2014-15,200765,BOS,2014-10-29,2014-12-17
2014-15,200765,DAL,2014-12-20,2015-04-15
2014-15,200779,UTA,2014-10-30,2015-02-11
2014-15,200779,OKC,2015-02-22,2015-04-10
2014-15,200811,CLE,2014-11-15,2015-01-04
2014-15,200811,NYK,2015-01-15,2015-04-15
2014-15,201145,BOS,2014-10-29,2015-01-07
2014-15,201145,MEM,2015-01-14,2015-04-15
2014-15,201147,MIN,2014-10-29,2014-12-16
2014-15,201147,HOU,2014-12-22,2015-04-15
2014-15,201148,DAL,2014-10-28,2014-12-17
2014-15,201148,BOS,2014-12-21,2015-01-05
2014-15,201148,PHX,2015-01-11,2015-04-10
2014-15,201152,MIN,2014-10-29,2015-02-11
2014-15,201152,BKN,2015-02-20,2015-04-15
2014-15,201167,DEN,2014-10-29,2015-02-10
2014-15,201167,POR,2015-02-22,2015-04-09
2014-15,201196,SAC,2014-10-29,2015-02-11
2014-15,201196,WAS,2015-02-20,2015-04-15
2014-15,201229,PHX,2014-10-29,2014-12-15
2014-15,201229,DET,2014-12-30,2015-04-15
2014-15,201571,DET,2014-10-29,2015-02-11
2014-15,201571,OKC,2015-02-21,2015-04-15
2014-15,201580,DEN,2014-10-29,2015-02-10
2014-15,201580,PHI,2015-02-20,2015-03-01
2014-15,201609,PHX,2014-10-29,2015-02-10
2014-15,201609,MIA,2015-02-21,2015-04-13
2014-15,201948,SAS,2014-10-31,2015-01-14
2014-15,201948,ATL,2015-03-18,2015-04-15
2014-15,201973,DET,2014-10-29,2015-02-11
2014-15,201973,BOS,2015-02-22,2015-04-15
2014-15,201977,BOS,2014-10-29,2015-02-11
2014-15,201977,PHX,2015-02-23,2015-04-07
2014-15,202087,DEN,2014-10-29,2015-02-06
2014-15,202087,POR,2015-02-25,2015-04-15
2014-15,202343,UTA,2015-01-07,2015-01-24
2014-15,202343,NOP,2015-03-07,2015-03-22
2014-15,202347,MEM,2014-10-29,2015-01-07
2014-15,202347,NOP,2015-01-14,2015-04-15
2014-15,202389,DEN,2014-10-29,2015-01-05
2014-15,202389,CLE,2015-01-09,2015-04-15
2014-15,202390,CHA,2014-10-29,2015-02-08
2014-15,202390,MIN,2015-02-20,2015-03-22
2014-15,202397,OKC,2014-11-07,2015-02-11
2014-15,202397,PHI,2015-02-23,2015-04-13
2014-15,202498,OKC,2014-10-29,2014-12-28
2014-15,202498,NYK,2015-01-15,2015-04-15
2014-15,202683,UTA,2014-10-29,2015-02-11
2014-15,202683,OKC,2015-02-21,2015-04-15
2014-15,202688,MIL,2014-10-29,2015-02-11
2014-15,202688,PHX,2015-02-21,2015-03-29
2014-15,202697,NYK,2014-10-29,2014-12-12
2014-15,202697,CLE,2015-01-23,2015-04-15
2014-15,202704,OKC,2014-11-03,2015-02-11
2014-15,202704,DET,2015-02-22,2015-04-15
2014-15,202708,MIA,2014-10-29,2015-02-11
2014-15,202708,NOP,2015-02-21,2015-04-15
2014-15,202713,DET,2014-10-29,2015-02-11
2014-15,202713,OKC,2015-02-21,2015-04-15
2014-15,202738,PHX,2014-10-29,2015-02-10
2014-15,202738,BOS,2015-02-22,2015-04-14
2014-15,203079,CLE,2014-10-30,2015-01-04
2014-15,203079,OKC,2015-01-07,2015-04-15
2014-15,203080,POR,2014-10-29,2015-02-11
2014-15,203080,PHI,2015-02-25,2015-04-15
2014-15,203085,NOP,2014-10-28,2015-01-09
2014-15,203085,LAC,2015-01-16,2015-04-13
2014-15,203101,PHX,2014-10-29,2015-02-10
2014-15,203101,MIL,2015-02-22,2015-04-15
2014-15,203109,DAL,2014-10-28,2014-12-17
2014-15,203109,BOS,2014-12-21,2015-04-14
2014-15,203113,SAC,2015-01-17,2015-02-07
2014-15,203113,DET,2015-04-01,2015-04-15
2014-15,203115,POR,2014-10-29,2015-02-11
2014-15,203115,DEN,2015-02-22,2015-04-15
2014-15,203120,MIA,2014-11-01,2015-02-11
2014-15,203120,MIN,2015-03-09,2015-04-15
2014-15,203143,NYK,2014-10-29,2015-02-11
2014-15,203143,HOU,2015-02-21,2015-04-15
2014-15,203144,PHI,2014-10-29,2014-12-15
2014-15,203144,HOU,2014-12-22,2015-01-25
2014-15,203144,NYK,2015-02-22,2015-03-22
2014-15,203187,PHI,2014-10-29,2014-11-14
2014-15,203187,UTA,2015-02-04,2015-04-15
2014-15,203187,MIL,2015-03-07,2015-03-22
2014-15,203210,SAS,2015-01-18,2015-01-23
2014-15,203210,MEM,2015-02-06,2015-04-15
2014-15,203268,BKN,2014-11-03,2014-12-10
2014-15,203268,MIL,2015-01-29,2015-04-15
2014-15,203315,UTA,2015-01-03,2015-01-03
2014-15,203315,WAS,2015-03-12,2015-03-23
2014-15,203477,HOU,2014-10-28,2015-02-11
2014-15,203477,PHI,2015-02-22,2015-04-01
2014-15,203487,PHI,2014-11-13,2015-02-03
2014-15,203487,MIL,2015-02-25,2015-04-15
2014-15,203489,MIL,2014-10-31,2015-01-07
2014-15,203489,NOP,2015-01-16,2015-02-02
2014-15,203493,LAC,2014-11-03,2015-01-11
2014-15,203493,PHX,2015-01-25,2015-04-10
2014-15,203495,DAL,2014-12-20,2015-02-09
2014-15,203495,NYK,2015-03-22,2015-04-15
2014-15,203511,OKC,2014-11-28,2015-01-26
2014-15,203511,UTA,2015-02-27,2015-04-15
2014-15,203540,DET,2014-12-02,2015-02-11
2014-15,203540,BOS,2015-02-25,2015-04-15
2014-15,203546,UTA,2014-10-30,2015-03-25
2014-15,203546,DEN,2015-04-01,2015-04-15
2014-15,203561,PHI,2014-10-29,2014-12-06
2014-15,203561,BKN,2014-12-12,2014-12-30
2014-15,203584,HOU,2014-10-28,2014-12-18
2014-15,203584,MIN,2014-12-21,2015-02-09
2014-15,203584,CHA,2015-02-22,2015-04-15
2014-15,203893,NOP,2014-11-04,2015-01-02
2014-15,203893,MEM,2015-02-11,2015-04-13
2014-15,203898,PHX,2014-10-29,2015-01-31
2014-15,203898,MIL,2015-02-20,2015-04-15
2014-15,203909,PHI,2014-10-29,2015-02-09
2014-15,203909,HOU,2015-02-21,2015-04-15
2014-15,203922,MIN,2014-11-14,2015-02-27
2014-15,203922,PHI,2015-03-14,2015-04-15
2014-15,203939,BOS,2014-11-14,2014-12-15
2014-15,203939,DAL,2014-12-23,2015-04-15
2014-15,203940,ATL,2014-12-26,2015-01-14
2014-15,203940,MIN,2015-02-20,2015-04-15
2014-15,204025,PHI,2015-02-06,2015-02-23
2014-15,204025,POR,2015-04-03,2015-04-15
2014-15,204028,HOU,2014-10-28,2014-12-22
2014-15,204028,LAL,2015-01-07,2015-04-15
2014-15,204054,PHX,2014-11-15,2015-02-05
2014-15,204054,MIA,2015-02-23,2015-04-15
2015-16,1889,MIN,2015-11-05,2016-02-10
2015-16,1889,SAS,2016-03-02,2016-04-13
2015-16,2207,BKN,2015-10-28,2016-02-23
2015-16,2207,MIA,2016-02-28,2016-04-13
2015-16,2365,MIA,2015-11-03,2016-01-13
2015-16,2365,MEM,2016-02-19,2016-04-13
2015-16,2550,CHI,2015-10-28,2016-02-10
2015-16,2550,ATL,2016-02-26,2016-04-13
2015-16,2743,WAS,2015-10-28,2016-02-09
2015-16,2743,PHX,2016-02-19,2016-02-25
2015-16,2743,ATL,2016-03-04,2016-04-13
2015-16,2746,LAC,2015-10-28,2016-01-16
2015-16,2746,HOU,2016-01-22,2016-04-13
2015-16,2755,MIN,2015-10-28,2016-02-24
2015-16,2755,SAS,2016-03-10,2016-04-13
2015-16,2757,MEM,2015-10-28,2015-11-09
2015-16,2757,MIA,2015-11-12,2016-02-22
2015-16,2760,CLE,2015-10-27,2016-02-10
2015-16,2760,GSW,2016-02-24,2016-04-13
2015-16,101112,ORL,2015-11-01,2016-02-08
2015-16,101112,CLE,2016-02-22,2016-04-13
2015-16,101135,BOS,2015-10-28,2016-01-10
2015-16,101135,DAL,2016-02-24,2016-04-13
2015-16,101141,DET,2015-10-27,2016-02-08
2015-16,101141,ORL,2016-02-19,2016-04-13
2015-16,200751,DEN,2015-10-28,2016-02-10
2015-16,200751,OKC,2016-02-21,2016-04-12
2015-16,200779,OKC,2015-11-13,2016-02-11
2015-16,200779,MIL,2016-02-22,2016-02-27
2015-16,200797,WAS,2015-12-02,2015-12-11
2015-16,200797,MEM,2015-12-29,2016-04-05
2015-16,201145,MEM,2015-10-28,2016-02-10
2015-16,201145,LAC,2016-02-20,2016-04-13
2015-16,201571,OKC,2015-10-28,2016-01-29
2015-16,201571,DEN,2016-02-19,2016-04-13
2015-16,201574,GSW,2015-10-30,2016-02-20
2015-16,201574,TOR,2016-03-04,2016-04-13
2015-16,201581,DEN,2015-11-01,2016-02-05
2015-16,201581,WAS,2016-02-28,2016-04-13
2015-16,201584,MEM,2015-10-28,2016-02-10
2015-16,201584,CHA,2016-02-21,2016-04-13
2015-16,201596,MIA,2015-10-28,2015-11-08
2015-16,201596,MEM,2015-11-13,2016-03-09
2015-16,201943,DET,2015-12-29,2016-02-10
2015-16,201943,ORL,2016-02-19,2016-04-06
2015-16,201951,HOU,2015-10-28,2016-02-29
2015-16,201951,IND,2016-03-07,2016-04-13
2015-16,201977,HOU,2015-11-01,2016-02-10
2015-16,201977,WAS,2016-03-11,2016-04-13
2015-16,201978,IND,2015-10-28,2016-03-04
2015-16,201978,PHX,2016-03-09,2016-04-13
2015-16,202362,LAC,2015-10-28,2016-02-10
2015-16,202362,MEM,2016-02-21,2016-04-13
2015-16,202397,NOP,2015-10-27,2015-12-23
2015-16,202397,PHI,2015-12-26,2016-04-13
2015-16,202690,NOP,2015-11-10,2015-11-18
2015-16,202690,NYK,2016-02-22,2016-03-01
2015-16,202693,PHX,2015-10-28,2016-02-10
2015-16,202693,WAS,2016-02-19,2016-04-10
2015-16,202699,ORL,2015-10-28,2016-02-05
2015-16,202699,DET,2016-02-19,2016-04-12
2015-16,202714,ATL,2015-11-04,2016-02-10
2015-16,202714,UTA,2016-02-21,2016-04-13
2015-16,203098,DAL,2015-10-28,2016-02-01
2015-16,203098,PHX,2016-02-25,2016-04-13
2015-16,203099,CLE,2015-10-27,2016-02-10
2015-16,203099,MIL,2016-03-20,2016-03-25
2015-16,203148,CHA,2015-10-28,2016-02-10
2015-16,203148,POR,2016-02-19,2016-04-13
2015-16,203200,ATL,2015-10-29,2016-02-10
2015-16,203200,CHI,2016-02-24,2016-04-13
2015-16,203475,DEN,2015-10-28,2015-11-01
2015-16,203475,UTA,2016-01-27,2016-02-10
2015-16,203492,SAS,2015-10-30,2016-02-27
2015-16,203492,MEM,2016-03-12,2016-03-30
2015-16,203515,PHI,2015-11-04,2015-12-02
2015-16,203515,PHX,2016-02-21,2016-03-10
2015-16,203516,MIA,2015-10-30,2015-11-08
2015-16,203516,MEM,2015-11-20,2016-02-26
2015-16,203516,NOP,2016-03-30,2016-04-13
2015-16,203798,CHA,2015-10-28,2016-02-10
2015-16,203798,MEM,2016-02-19,2016-04-13
2015-16,203895,PHX,2016-01-29,2016-02-19
2015-16,203895,CLE,2016-02-28,2016-04-13
2015-16,203930,DEN,2016-01-15,2016-02-01
2015-16,203930,BKN,2016-02-29,2016-04-13
2015-16,203950,MEM,2015-11-05,2015-11-07
2015-16,203950,MIA,2016-01-20,2016-02-09
2015-16,203955,PHX,2015-12-30,2016-01-02
2015-16,203955,MEM,2016-04-03,2016-04-13
2015-16,203960,PHI,2015-10-28,2016-02-06
2015-16,203960,DEN,2016-02-23,2016-04-13
2015-16,204025,POR,2015-10-30,2016-02-10
2015-16,204025,NOP,2016-03-16,2016-04-13
2015-16,1627362,MEM,2016-03-11,2016-03-19
2015-16,1627362,MIA,2016-04-10,2016-04-10
2016-17,2399,CLE,2016-10-25,2016-12-29
2016-17,2399,ATL,2017-01-13,2017-04-12
2016-17,2440,SAC,2016-10-26,2017-02-15
2016-17,2440,GSW,2017-03-02,2017-04-08
2016-17,2594,ATL,2016-10-27,2017-01-04
2016-17,2594,CLE,2017-01-10,2017-04-12
2016-17,101106,DAL,2016-10-26,2017-02-15
2016-17,101106,CLE,2017-03-06,2017-03-06
2016-17,101114,DAL,2016-10-26,2017-02-15
2016-17,101114,CLE,2017-03-01,2017-04-12
2016-17,101141,OKC,2016-10-26,2016-10-30
2016-17,101141,PHI,2016-11-02,2017-02-15
2016-17,101141,ATL,2017-02-24,2017-04-12
2016-17,101150,LAL,2016-10-26,2017-02-15
2016-17,101150,HOU,2017-02-23,2017-04-12
2016-17,101181,LAL,2016-10-30,2017-02-08
2016-17,101181,ATL,2017-03-08,2017-04-12
2016-17,200782,PHX,2016-10-26,2017-02-15
2016-17,200782,TOR,2017-02-24,2017-04-12
2016-17,201147,HOU,2016-10-26,2017-02-15
2016-17,201147,LAL,2017-02-24,2017-04-12
2016-17,201150,CHA,2016-10-26,2017-02-01
2016-17,201150,MIL,2017-03-03,2017-04-12
2016-17,201579,CHA,2016-10-26,2017-01-31
2016-17,201579,DEN,2017-02-28,2017-04-09
2016-17,201586,ORL,2016-10-26,2017-02-13
2016-17,201586,TOR,2017-02-24,2017-04-09
2016-17,201627,OKC,2016-10-30,2017-02-15
2016-17,201627,CHI,2017-02-28,2017-04-12
2016-17,201936,NOP,2016-12-15,2017-02-15
2016-17,201936,SAC,2017-02-23,2017-04-07
2016-17,201943,NYK,2016-10-25,2017-02-25
2016-17,201943,WAS,2017-03-03,2017-04-12
2016-17,201956,SAC,2016-10-26,2017-01-13
2016-17,201956,NOP,2017-02-23,2017-02-23
2016-17,201956,MIN,2017-03-21,2017-04-12
2016-17,201959,CHI,2016-10-27,2017-02-16
2016-17,201959,OKC,2017-02-24,2017-04-12
2016-17,202326,SAC,2016-10-26,2017-02-15
2016-17,202326,NOP,2017-02-23,2017-04-04
2016-17,202362,NOP,2016-10-26,2016-11-04
2016-17,202362,MIN,2017-02-08,2017-03-15
2016-17,202362,IND,2017-04-02,2017-04-12
2016-17,202682,MIA,2016-11-07,2017-02-04
2016-17,202682,CLE,2017-02-09,2017-04-12
2016-17,202711,BKN,2016-10-26,2017-02-15
2016-17,202711,WAS,2017-02-24,2017-04-12
2016-17,202732,CLE,2016-10-25,2017-04-07
2016-17,202732,DAL,2017-04-12,2017-04-12
2016-17,203082,TOR,2016-10-26,2017-02-12
2016-17,203082,ORL,2017-02-23,2017-04-12
2016-17,203093,NOP,2016-10-26,2017-02-08
2016-17,203093,MIL,2017-03-13,2017-03-26
2016-17,203094,WAS,2016-10-27,2017-02-13
2016-17,203094,BKN,2017-03-03,2017-04-12
2016-17,203101,MIL,2016-10-26,2017-01-27
2016-17,203101,CHA,2017-02-04,2017-04-11
2016-17,203112,DAL,2016-10-26,2016-11-14
2016-17,203112,BKN,2017-01-10,2017-04-08
2016-17,203138,PHI,2016-10-26,2017-01-03
2016-17,203138,NOP,2017-02-23,2017-03-11
2016-17,203457,PHI,2016-12-11,2017-02-15
2016-17,203457,DAL,2017-02-25,2017-04-12
2016-17,203462,NOP,2016-11-12,2016-11-16
2016-17,203462,BKN,2017-03-19,2017-04-12
2016-17,203486,POR,2016-10-25,2017-02-09
2016-17,203486,DEN,2017-02-15,2017-04-12
2016-17,203530,OKC,2016-10-28,2017-02-15
2016-17,203530,CHI,2017-02-25,2017-04-12
2016-17,203898,HOU,2016-10-26,2017-02-11
2016-17,203898,LAL,2017-02-26,2017-04-12
2016-17,203909,HOU,2016-10-26,2017-02-11
2016-17,203909,BKN,2017-02-25,2017-04-12
2016-17,203924,PHI,2016-10-26,2016-10-29
2016-17,203924,OKC,2016-11-02,2017-04-12
2016-17,203926,CHI,2016-10-27,2017-02-16
2016-17,203926,OKC,2017-02-24,2017-04-07
2016-17,203948,DEN,2017-02-01,2017-02-15
2016-17,203948,CHA,2017-03-02,2017-03-08
2016-17,203994,DEN,2016-10-26,2017-02-10
2016-17,203994,POR,2017-02-15,2017-03-30
2016-17,204002,ATL,2016-10-29,2016-10-29
2016-17,204002,CLE,2017-04-12,2017-04-12
2016-17,204038,NOP,2016-10-26,2017-02-15
2016-17,204038,SAC,2017-02-25,2017-04-12
2016-17,1626147,DAL,2016-10-26,2017-02-15
2016-17,1626147,PHI,2017-02-25,2017-04-12
2016-17,1626148,NOP,2016-11-22,2016-12-08
2016-17,1626148,ORL,2017-01-22,2017-01-27
2016-17,1626166,OKC,2017-01-07,2017-02-15
2016-17,1626166,CHI,2017-02-25,2017-04-06
2016-17,1626184,PHI,2017-01-14,2017-02-06
2016-17,1626184,NYK,2017-03-01,2017-04-12
2016-17,1626188,DAL,2017-02-27,2017-03-07
2016-17,1626188,NOP,2017-03-19,2017-04-12
2016-17,1626191,BKN,2016-10-26,2017-02-13
2016-17,1626191,WAS,2017-03-01,2017-04-12
2016-17,1626253,MIL,2017-03-01,2017-03-03
2016-17,1626253,NOP,2017-04-11,2017-04-12
2016-17,1627362,GSW,2017-02-08,2017-02-25
2016-17,1627362,CHA,2017-03-02,2017-04-11
2016-17,1627741,NOP,2016-10-26,2017-02-15
2016-17,1627741,SAC,2017-02-23,2017-04-12
2016-17,1627782,NOP,2017-03-14,2017-03-17
2016-17,1627782,MEM,2017-03-18,2017-04-12
2016-17,1627786,MEM,2016-10-29,2016-12-21
2016-17,1627786,HOU,2017-04-02,2017-04-12
2016-17,1627812,BKN,2016-11-09,2016-12-01
2016-17,1627812,DAL,2017-01-29,2017-04-12
2017-18,2207,UTA,2017-10-18,2018-02-07
2017-18,2207,HOU,2018-02-14,2018-04-11
2017-18,2548,CLE,2017-10-17,2018-02-06
2017-18,2548,MIA,2018-02-09,2018-04-11
2017-18,2734,DAL,2017-10-18,2018-02-05
2017-18,2734,DEN,2018-02-10,2018-04-11
2017-18,2749,NOP,2017-10-22,2018-01-30
2017-18,2749,DET,2018-02-11,2018-03-13
2017-18,101112,CLE,2017-10-20,2018-02-07
2017-18,101112,LAL,2018-02-14,2018-04-10
2017-18,101141,ATL,2017-10-18,2018-02-13
2017-18,101141,PHI,2018-03-01,2018-04-11
2017-18,201147,LAL,2017-10-19,2018-02-24
2017-18,201147,OKC,2018-03-03,2018-04-11
2017-18,201148,MEM,2017-10-18,2018-02-06
2017-18,201148,HOU,2018-02-25,2018-02-25
2017-18,201158,ATL,2017-10-18,2018-02-04
2017-18,201158,PHI,2018-02-14,2018-04-11
2017-18,201196,NYK,2017-10-19,2018-01-02
2017-18,201196,WAS,2018-03-06,2018-04-10
2017-18,201565,CLE,2017-10-17,2018-02-07
2017-18,201565,MIN,2018-03-11,2018-04-11
2017-18,201588,SAC,2017-10-18,2018-02-05
2017-18,201588,CLE,2018-02-11,2018-04-11
2017-18,201600,NOP,2017-11-24,2018-01-30
2017-18,201600,CHI,2018-04-06,2018-04-11
2017-18,201933,LAC,2017-10-19,2018-01-28
2017-18,201933,DET,2018-02-01,2018-03-26
2017-18,201967,NOP,2017-10-18,2018-02-03
2017-18,201967,BKN,2018-02-10,2018-04-11
2017-18,202328,MIL,2017-10-18,2017-10-26
2017-18,202328,PHX,2017-11-16,2018-01-29
2017-18,202328,BOS,2018-02-08,2018-04-11
2017-18,202337,ATL,2017-10-18,2018-02-06
2017-18,202337,MIA,2018-02-14,2018-04-06
2017-18,202339,PHX,2017-10-18,2017-10-21
2017-18,202339,MIL,2017-11-10,2018-04-11
2017-18,202340,DET,2017-10-18,2018-01-27
2017-18,202340,LAC,2018-02-03,2018-02-14
2017-18,202344,BKN,2017-10-18,2017-12-04
2017-18,202344,PHI,2017-12-09,2018-02-25
2017-18,202344,IND,2018-03-07,2018-04-10
2017-18,202699,DET,2017-10-18,2018-01-28
2017-18,202699,LAC,2018-02-03,2018-04-11
2017-18,202703,CHI,2017-12-08,2018-01-28
2017-18,202703,NOP,2018-02-03,2018-04-11
2017-18,202732,MIL,2017-10-21,2018-01-05
2017-18,202732,NOP,2018-01-10,2018-04-11
2017-18,202738,CLE,2018-01-02,2018-02-07
2017-18,202738,LAL,2018-02-10,2018-03-22
2017-18,203092,BKN,2017-10-27,2018-01-31
2017-18,203092,MIL,2018-02-06,2018-04-11
2017-18,203109,CLE,2017-10-17,2018-02-07
2017-18,203109,UTA,2018-02-11,2018-04-11
2017-18,203186,LAC,2017-10-19,2018-01-24
2017-18,203186,DET,2018-02-01,2018-02-05
2017-18,203477,HOU,2017-10-25,2017-10-25
2017-18,203477,PHX,2017-12-16,2018-01-31
2017-18,203498,MIN,2017-10-18,2018-02-23
2017-18,203498,MIL,2018-03-05,2018-04-09
2017-18,203516,MEM,2017-10-18,2018-02-07
2017-18,203516,DET,2018-02-11,2018-04-11
2017-18,203580,PHI,2018-01-24,2018-01-29
2017-18,203580,NOP,2018-03-17,2018-04-04
2017-18,203901,ORL,2017-10-18,2018-02-06
2017-18,203901,PHX,2018-02-10,2018-03-26
2017-18,203903,LAL,2017-10-19,2018-02-06
2017-18,203903,CLE,2018-02-11,2018-04-11
2017-18,203917,PHI,2017-10-21,2017-12-04
2017-18,203917,BKN,2017-12-15,2018-04-11
2017-18,203918,UTA,2017-10-18,2018-02-07
2017-18,203918,CLE,2018-02-11,2018-04-06
2017-18,203926,NYK,2017-10-19,2018-02-06
2017-18,203926,DAL,2018-02-10,2018-04-08
2017-18,203930,BKN,2017-10-25,2017-12-04
2017-18,203930,MIL,2017-12-22,2018-02-28
2017-18,203930,LAC,2018-03-04,2018-03-20
2017-18,203930,CHI,2018-03-27,2018-04-11
2017-18,203943,POR,2017-11-01,2018-02-05
2017-18,203943,CHI,2018-02-14,2018-04-03
2017-18,203998,TOR,2017-10-21,2017-10-30
2017-18,203998,SAC,2018-02-26,2018-04-09
2017-18,204067,BOS,2018-01-23,2018-01-24
2017-18,204067,CHI,2018-03-05,2018-03-05
2017-18,1626143,PHI,2017-10-21,2017-11-07
2017-18,1626143,BKN,2017-12-15,2018-04-03
2017-18,1626144,DEN,2017-10-18,2018-02-05
2017-18,1626144,NYK,2018-02-11,2018-04-06
2017-18,1626173,MIL,2017-10-18,2018-02-04
2017-18,1626173,BKN,2018-02-06,2018-02-06
2017-18,1626173,ORL,2018-02-22,2018-03-03
2017-18,1626195,NYK,2017-10-19,2018-02-06
2017-18,1626195,CHA,2018-02-22,2018-04-10
2017-18,1626204,LAL,2017-10-19,2018-02-06
2017-18,1626204,CLE,2018-02-11,2018-04-11
2017-18,1626246,DET,2017-10-21,2018-01-27
2017-18,1626246,LAC,2018-02-22,2018-04-11
2017-18,1627362,HOU,2017-11-22,2018-01-12
2017-18,1627362,MEM,2018-03-15,2018-03-22
2017-18,1627743,HOU,2017-10-18,2017-12-03
2017-18,1627743,PHI,2018-03-21,2018-04-03
2017-18,1627744,LAC,2017-10-21,2017-12-18
2017-18,1627744,MEM,2018-02-24,2018-03-22
2017-18,1627770,CHI,2017-10-19,2017-12-11
2017-18,1627770,DET,2018-02-05,2018-04-11
2017-18,1627780,MIL,2017-10-23,2017-12-16
2017-18,1627780,LAL,2018-01-15,2018-04-11
2017-18,1627781,SAC,2017-10-18,2018-01-25
2017-18,1627781,TOR,2018-02-11,2018-02-11
2017-18,1627786,HOU,2017-10-21,2017-11-27
2017-18,1627786,NYK,2018-02-22,2018-03-31
2017-18,1627834,SAC,2017-10-29,2018-02-02
2017-18,1627834,POR,2018-04-05,2018-04-05
2017-18,1627883,NOP,2017-10-28,2017-12-11
2017-18,1627883,DAL,2018-01-22,2018-04-10
2017-18,1627884,PHX,2017-10-18,2017-11-24
2017-18,1627884,MIA,2018-01-05,2018-04-09
2017-18,1628455,PHX,2017-10-18,2017-12-20
2017-18,1628455,NOP,2018-01-30,2018-02-05
2017-18,1628499,DAL,2017-11-17,2017-12-18
2017-18,1628499,ATL,2018-04-04,2018-04-10
2017-18,1628502,LAL,2018-01-21,2018-01-28
2017-18,1628502,TOR,2018-03-11,2018-03-13
2017-18,1628502,SAC,2018-04-01,2018-04-11
2018-19,2199,PHX,2018-10-17,2018-10-31
2018-19,2199,LAL,2018-11-07,2019-03-24
2018-19,2200,SAS,2018-10-17,2019-02-24
2018-19,2200,MIL,2019-03-04,2019-03-10
2018-19,2594,CLE,2018-10-17,2018-11-26
2018-19,2594,UTA,2018-11-30,2019-03-29
2018-19,2772,PHX,2018-10-17,2018-12-13
2018-19,2772,WAS,2018-12-18,2019-03-26
2018-19,101139,TOR,2018-10-17,2019-02-05
2018-19,101139,MEM,2019-02-09,2019-03-16
2018-19,201147,PHI,2019-01-15,2019-02-02
2018-19,201147,SAC,2019-02-21,2019-04-10
2018-19,201160,WAS,2018-10-18,2018-12-05
2018-19,201160,MIL,2018-12-10,2019-01-16
2018-19,201160,NOP,2019-03-12,2019-03-15
2018-19,201163,PHI,2018-11-03,2019-01-31
2018-19,201163,LAC,2019-03-11,2019-04-10
2018-19,201188,MEM,2018-10-17,2019-02-03
2018-19,201188,TOR,2019-02-09,2019-04-09
2018-19,201583,PHX,2018-10-17,2018-12-04
2018-19,201583,MIA,2019-02-11,2019-04-09
2018-19,201584,NYK,2018-12-03,2019-01-27
2018-19,201584,DAL,2019-02-08,2019-04-10
2018-19,201588,CLE,2018-10-17,2018-12-05
2018-19,201588,MIL,2018-12-10,2019-04-10
2018-19,201599,DAL,2018-10-17,2019-01-30
2018-19,201599,NYK,2019-02-03,2019-03-28
2018-19,201961,MIA,2018-11-03,2019-02-01
2018-19,201961,DET,2019-02-11,2019-04-10
2018-19,202066,MEM,2018-10-17,2019-01-25
2018-19,202066,LAC,2019-02-09,2019-04-10
2018-19,202083,DAL,2018-10-17,2019-01-30
2018-19,202083,NYK,2019-02-03,2019-02-05
2018-19,202083,IND,2019-02-11,2019-04-07
2018-19,202325,NOP,2018-10-26,2019-02-02
2018-19,202325,WAS,2019-02-08,2019-03-31
2018-19,202328,TOR,2018-10-22,2019-02-05
2018-19,202328,BOS,2019-03-24,2019-03-30
2018-19,202328,PHI,2019-04-06,2019-04-10
2018-19,202340,LAC,2018-10-17,2019-02-05
2018-19,202340,MEM,2019-02-09,2019-03-16
2018-19,202391,ATL,2018-10-17,2019-02-10
2018-19,202391,TOR,2019-02-13,2019-04-09
2018-19,202683,NYK,2018-10-17,2019-02-01
2018-19,202683,POR,2019-02-21,2019-04-09
2018-19,202685,TOR,2018-10-17,2018-12-12
2018-19,202685,MEM,2019-02-12,2019-03-31
2018-19,202688,HOU,2018-12-13,2019-01-11
2018-19,202688,CLE,2019-02-09,2019-04-09
2018-19,202692,UTA,2018-10-17,2018-11-26
2018-19,202692,CLE,2018-11-30,2019-02-05
2018-19,202692,SAC,2019-02-08,2019-04-02
2018-19,202693,WAS,2018-10-18,2018-12-26
2018-19,202693,OKC,2019-02-22,2019-04-10
2018-19,202697,SAC,2018-10-17,2019-02-04
2018-19,202697,HOU,2019-02-09,2019-04-07
2018-19,202699,LAC,2018-10-17,2019-02-05
2018-19,202699,PHI,2019-02-08,2019-04-09
2018-19,202702,BKN,2018-10-20,2019-01-11
2018-19,202702,HOU,2019-01-21,2019-04-07
2018-19,202703,NOP,2018-10-17,2019-01-23
2018-19,202703,MIL,2019-02-21,2019-03-19
2018-19,202710,MIN,2018-10-17,2018-11-09
2018-19,202710,PHI,2018-11-14,2019-04-09
2018-19,202714,MEM,2018-10-17,2019-02-05
2018-19,202714,CHA,2019-02-11,2019-03-31
2018-19,203084,DAL,2018-10-26,2019-02-06
2018-19,203084,SAC,2019-02-08,2019-04-10
2018-19,203085,WAS,2018-10-18,2018-12-14
2018-19,203085,HOU,2018-12-25,2019-04-09
2018-19,203092,ATL,2019-03-09,2019-03-13
2018-19,203092,MEM,2019-04-05,2019-04-10
2018-19,203098,WAS,2019-02-02,2019-02-09
2018-19,203098,NYK,2019-02-11,2019-04-10
2018-19,203118,LAC,2018-10-17,2019-02-05
2018-19,203118,PHI,2019-02-08,2019-04-10
2018-19,203200,CHI,2018-10-18,2019-01-02
2018-19,203200,MEM,2019-01-05,2019-04-10
2018-19,203210,MEM,2018-10-17,2019-02-03
2018-19,203210,LAC,2019-02-09,2019-04-10
2018-19,203263,MIN,2018-10-26,2019-01-04
2018-19,203263,HOU,2019-01-16,2019-01-19
2018-19,203477,PHX,2018-10-17,2018-11-27
2018-19,203477,MIN,2019-01-30,2019-02-13
2018-19,203477,MIL,2019-02-25,2019-03-02
2018-19,203487,HOU,2018-10-17,2018-12-19
2018-19,203487,ORL,2019-03-17,2019-04-10
2018-19,203488,PHI,2018-10-23,2019-02-05
2018-19,203488,LAL,2019-02-10,2019-04-09
2018-19,203490,WAS,2018-10-18,2019-02-04
2018-19,203490,CHI,2019-02-08,2019-03-17
2018-19,203493,DET,2018-10-20,2019-02-05
2018-19,203493,LAL,2019-02-10,2019-04-02
2018-19,203496,PHI,2018-10-16,2018-11-09
2018-19,203496,MIN,2018-11-14,2018-12-31
2018-19,203501,NYK,2018-10-17,2019-01-30
2018-19,203501,DAL,2019-02-06,2019-03-20
2018-19,203504,NYK,2018-10-17,2019-01-30
2018-19,203504,DAL,2019-02-06,2019-04-10
2018-19,203516,HOU,2018-10-17,2019-02-06
2018-19,203516,PHI,2019-02-08,2019-04-03
2018-19,203521,MIL,2018-10-19,2018-12-05
2018-19,203521,CLE,2018-12-10,2019-03-06
2018-19,203613,ORL,2018-10-17,2019-01-29
2018-19,203613,PHI,2019-02-10,2019-04-10
2018-19,203917,POR,2018-10-18,2019-01-26
2018-19,203917,CLE,2019-02-11,2019-04-09
2018-19,203918,CLE,2018-10-17,2019-02-02
2018-19,203918,POR,2019-02-07,2019-04-09
2018-19,203953,CHI,2018-10-18,2019-01-30
2018-19,203953,WAS,2019-02-08,2019-04-03
2018-19,203961,PHX,2018-12-31,2018-12-31
2018-19,203961,TOR,2019-03-14,2019-04-09
2018-19,203967,PHI,2018-10-16,2018-11-09
2018-19,203967,MIN,2018-11-14,2019-04-10
2018-19,204020,MIA,2018-10-17,2019-02-05
2018-19,204020,PHX,2019-02-08,2019-03-13
2018-19,204025,NOP,2018-10-19,2019-02-14
2018-19,204025,MIL,2019-03-19,2019-04-10
2018-19,1626150,MEM,2018-10-27,2018-10-27
2018-19,1626150,CLE,2018-11-10,2018-11-30
2018-19,1626150,NOP,2018-12-05,2018-12-21
2018-19,1626153,TOR,2018-10-24,2019-02-05
2018-19,1626153,MEM,2019-02-09,2019-04-10
2018-19,1626155,CLE,2018-10-17,2018-11-05
2018-19,1626155,WAS,2018-12-10,2019-04-09
2018-19,1626162,WAS,2018-10-18,2018-12-14
2018-19,1626162,PHX,2018-12-19,2019-03-16
2018-19,1626166,CHI,2018-10-18,2019-01-02
2018-19,1626166,CLE,2019-01-08,2019-01-23
2018-19,1626169,DET,2018-10-20,2019-02-05
2018-19,1626169,NOP,2019-02-08,2019-04-03
2018-19,1626171,CHI,2018-10-18,2019-02-02
2018-19,1626171,WAS,2019-02-08,2019-04-09
2018-19,1626174,MIL,2018-10-17,2019-03-02
2018-19,1626174,NOP,2019-03-24,2019-04-09
2018-19,1626246,LAC,2018-10-17,2019-02-03
2018-19,1626246,PHI,2019-02-08,2019-04-10
2018-19,1627737,HOU,2018-10-30,2019-02-02
2018-19,1627737,CLE,2019-02-08,2019-04-09
2018-19,1627740,DET,2018-10-27,2018-12-10
2018-19,1627740,NYK,2019-02-24,2019-04-10
2018-19,1627746,SAC,2018-10-19,2019-02-06
2018-19,1627746,POR,2019-02-13,2019-04-10
2018-19,1627748,MIL,2018-10-26,2019-01-21
2018-19,1627748,DET,2019-02-08,2019-04-10
2018-19,1627758,NYK,2018-10-17,2018-12-09
2018-19,1627758,WAS,2018-12-22,2019-01-06
2018-19,1627775,CLE,2019-01-02,2019-01-05
2018-19,1627775,TOR,2019-01-17,2019-03-28
2018-19,1627782,MEM,2018-10-17,2019-01-02
2018-19,1627782,CHI,2019-01-06,2019-04-10
2018-19,1627789,OKC,2018-10-28,2019-01-21
2018-19,1627789,CHI,2019-02-06,2019-04-10
2018-19,1627826,LAL,2018-10-22,2019-02-05
2018-19,1627826,LAC,2019-02-09,2019-04-10
2018-19,1628249,BKN,2019-01-25,2019-02-04
2018-19,1628249,MIN,2019-04-09,2019-04-09
2018-19,1628372,DAL,2018-10-17,2019-01-30
2018-19,1628372,NYK,2019-02-03,2019-04-09
2018-19,1628382,SAC,2018-10-17,2019-02-04
2018-19,1628382,DAL,2019-02-08,2019-04-10
2018-19,1628393,PHX,2018-12-11,2019-02-13
2018-19,1628393,OKC,2019-04-10,2019-04-10
2018-19,1628403,POR,2018-10-20,2019-01-30
2018-19,1628403,SAC,2019-04-02,2019-04-10
2018-19,1628416,ATL,2018-10-17,2019-02-01
2018-19,1628416,MEM,2019-02-13,2019-04-10
2018-19,1629004,LAL,2018-10-22,2019-02-05
2018-19,1629004,DET,2019-02-08,2019-03-13
2018-19,1629013,PHI,2018-10-16,2019-02-05
2018-19,1629013,LAC,2019-02-09,2019-04-10
2018-19,1629034,DAL,2018-10-17,2018-10-17
2018-19,1629034,PHX,2019-03-09,2019-04-09
2018-19,1629168,ATL,2019-03-03,2019-03-19
2018-19,1629168,SAC,2019-04-10,2019-04-10
2019-20,2772,SAC,2019-10-23,2020-01-15
2019-20,2772,POR,2020-01-23,2020-03-10
2019-20,101107,CHA,2019-10-23,2020-02-03
2019-20,101107,MIL,2020-02-12,2020-08-13
2019-20,201145,UTA,2019-10-23,2019-12-23
2019-20,201145,HOU,2020-02-20,2020-08-14
2019-20,201229,POR,2019-10-23,2020-01-17
2019-20,201229,SAC,2020-01-22,2020-02-12
2019-20,201229,MEM,2020-03-02,2020-08-13
2019-20,201949,MIA,2019-11-03,2020-02-01
2019-20,201949,MIN,2020-02-08,2020-03-10
2019-20,201952,MIN,2019-10-23,2020-01-15
2019-20,201952,ATL,2020-01-18,2020-03-11
2019-20,201960,SAS,2019-11-01,2020-01-08
2019-20,201960,HOU,2020-02-20,2020-08-14
2019-20,202688,CLE,2019-11-01,2020-01-14
2019-20,202688,DET,2020-02-10,2020-03-11
2019-20,202692,GSW,2019-10-30,2020-02-03
2019-20,202692,PHI,2020-02-11,2020-08-14
2019-20,202693,DET,2019-10-23,2020-02-12
2019-20,202693,LAL,2020-02-25,2020-08-13
2019-20,202694,NYK,2019-10-23,2020-02-03
2019-20,202694,LAC,2020-02-09,2020-08-12
2019-20,202704,DET,2019-10-23,2020-02-12
2019-20,202704,LAC,2020-02-22,2020-08-14
2019-20,203077,CHA,2019-10-25,2020-01-10
2019-20,203077,DAL,2020-02-21,2020-08-13
2019-20,203079,MIA,2020-01-24,2020-01-28
2019-20,203079,LAL,2020-07-30,2020-08-13
2019-20,203083,DET,2019-10-23,2020-02-05
2019-20,203083,CLE,2020-02-09,2020-03-10
2019-20,203089,CLE,2019-10-26,2020-02-05
2019-20,203089,DET,2020-02-08,2020-03-08
2019-20,203090,LAC,2019-10-22,2020-02-05
2019-20,203090,NYK,2020-02-12,2020-03-11
2019-20,203109,MEM,2019-10-23,2020-02-03
2019-20,203109,MIA,2020-02-09,2020-08-12
2019-20,203145,POR,2019-10-23,2020-01-17
2019-20,203145,SAC,2020-01-22,2020-08-06
2019-20,203458,ATL,2019-10-24,2020-01-24
2019-20,203458,SAC,2020-02-22,2020-08-13
2019-20,203459,ATL,2019-11-14,2020-01-14
2019-20,203459,MIN,2020-01-20,2020-02-21
2019-20,203473,SAC,2019-10-23,2020-02-03
2019-20,203473,ATL,2020-02-09,2020-03-11
2019-20,203476,MIN,2019-10-25,2020-02-05
2019-20,203476,MEM,2020-02-12,2020-08-13
2019-20,203496,MIN,2019-10-23,2020-02-03
2019-20,203496,HOU,2020-02-06,2020-08-14
2019-20,203504,PHI,2019-11-08,2020-02-03
2019-20,203504,DAL,2020-07-31,2020-08-13
2019-20,203516,PHI,2019-10-23,2020-02-03
2019-20,203516,ORL,2020-02-10,2020-08-13
2019-20,203524,MEM,2019-10-27,2020-02-03
2019-20,203524,MIA,2020-02-20,2020-08-14
2019-20,203584,LAL,2019-10-22,2020-02-29
2019-20,203584,DEN,2020-03-09,2020-08-14
2019-20,203894,MIN,2019-10-23,2020-02-03
2019-20,203894,WAS,2020-02-07,2020-08-07
2019-20,203895,WAS,2019-10-23,2020-01-26
2019-20,203895,DEN,2020-02-10,2020-02-28
2019-20,203895,DET,2020-03-04,2020-03-11
2019-20,203903,CLE,2019-10-23,2019-12-20
2019-20,203903,UTA,2019-12-26,2020-08-13
2019-20,203922,GSW,2019-10-24,2020-02-03
2019-20,203922,PHI,2020-02-09,2020-08-11
2019-20,203943,MIN,2019-10-23,2020-01-27
2019-20,203943,DEN,2020-02-12,2020-08-14
2019-20,203952,MIN,2019-10-23,2020-02-05
2019-20,203952,GSW,2020-02-08,2020-03-10
2019-20,203953,ATL,2019-10-24,2020-01-03
2019-20,203953,SAC,2020-02-20,2020-08-13
2019-20,203957,UTA,2019-11-18,2019-12-09
2019-20,203957,CLE,2019-12-27,2020-02-24
2019-20,203998,MEM,2019-10-23,2020-01-12
2019-20,203998,HOU,2020-02-20,2020-08-14
2019-20,204020,PHX,2019-10-23,2020-02-02
2019-20,204020,BKN,2020-07-31,2020-08-13
2019-20,1626156,GSW,2019-10-24,2020-02-05
2019-20,1626156,MIN,2020-02-10,2020-03-10
2019-20,1626161,GSW,2019-10-30,2020-01-22
2019-20,1626161,DAL,2020-01-28,2020-03-11
2019-20,1626203,MIN,2019-10-23,2020-01-15
2019-20,1626203,ATL,2020-01-18,2020-03-11
2019-20,1627733,MIL,2019-11-23,2020-01-24
2019-20,1627733,GSW,2020-02-23,2020-03-10
2019-20,1627736,DEN,2019-10-23,2020-02-04
2019-20,1627736,MIN,2020-02-08,2020-03-10
2019-20,1627784,MEM,2020-03-02,2020-03-07
2019-20,1627784,WAS,2020-08-09,2020-08-13
2019-20,1627823,DEN,2019-10-31,2020-02-04
2019-20,1627823,MIN,2020-02-08,2020-03-10
2019-20,1628395,MIN,2019-10-25,2020-02-03
2019-20,1628395,MEM,2020-02-24,2020-02-26
2019-20,1628403,SAC,2019-10-23,2020-01-10
2019-20,1628403,POR,2020-01-23,2020-03-10
2019-20,1628413,PHI,2019-10-30,2020-01-25
2019-20,1628413,PHX,2020-02-12,2020-02-22
2019-20,1628476,LAC,2019-10-28,2020-01-22
2019-20,1628476,DET,2020-02-25,2020-03-01
2019-20,1628778,ATL,2020-01-08,2020-01-12
2019-20,1628778,TOR,2020-01-31,2020-08-14
2019-20,1628966,MIN,2019-11-15,2020-02-03
2019-20,1628966,DEN,2020-02-08,2020-08-14
2019-20,1628980,GSW,2019-10-24,2020-02-05
2019-20,1628980,MIN,2020-02-08,2020-02-24
2019-20,1629010,LAC,2019-10-24,2020-02-05
2019-20,1629010,WAS,2020-02-09,2020-08-13
2019-20,1629020,DEN,2019-10-31,2020-02-04
2019-20,1629020,MIN,2020-02-08,2020-02-12
2019-20,1629076,CLE,2019-10-26,2020-01-28
2019-20,1629076,DEN,2020-08-06,2020-08-14
2019-20,1629109,HOU,2019-11-15,2019-12-31
2019-20,1629109,ORL,2020-01-15,2020-08-13
2019-20,1629117,SAC,2019-10-23,2020-01-10
2019-20,1629117,POR,2020-01-31,2020-08-09
2019-20,1629185,WAS,2019-10-23,2019-12-14
2019-20,1629185,BKN,2020-01-18,2020-08-11
2019-20,1629743,DET,2020-02-25,2020-03-11
2019-20,1629743,BKN,2020-07-31,2020-08-11
2020-21,101150,LAC,2020-12-22,2021-03-24
2020-21,101150,ATL,2021-04-01,2021-05-16
2020-21,200746,SAS,2020-12-23,2021-03-01
2020-21,200746,BKN,2021-04-01,2021-04-10
2020-21,200755,NOP,2020-12-23,2021-03-03
2020-21,200755,DAL,2021-04-12,2021-05-11
2020-21,200765,ATL,2020-12-28,2021-03-22
2020-21,200765,LAC,2021-04-04,2021-05-14
2020-21,200782,HOU,2020-12-26,2021-03-03
2020-21,200782,MIL,2021-03-20,2021-05-15
2020-21,201565,DET,2020-12-23,2021-01-30
2020-21,201565,NYK,2021-02-09,2021-05-16
2020-21,201571,MIL,2020-12-25,2021-03-15
2020-21,201571,HOU,2021-03-19,2021-05-16
2020-21,201580,CLE,2020-12-23,2021-03-22
2020-21,201580,DEN,2021-04-04,2021-05-16
2020-21,201588,OKC,2020-12-26,2021-01-24
2020-21,201588,PHI,2021-04-19,2021-05-16
2020-21,201933,DET,2020-12-23,2021-02-12
2020-21,201933,BKN,2021-03-21,2021-05-16
2020-21,201935,HOU,2020-12-26,2021-01-12
2020-21,201935,BKN,2021-01-16,2021-05-15
2020-21,201949,DAL,2020-12-23,2021-03-11
2020-21,201949,NOP,2021-04-01,2021-05-16
2020-21,201952,BOS,2020-12-23,2021-03-24
2020-21,201952,MIL,2021-04-02,2021-05-16
2020-21,202326,HOU,2020-12-31,2021-02-17
2020-21,202326,LAC,2021-04-06,2021-05-14
2020-21,202329,ORL,2021-02-09,2021-03-24
2020-21,202329,CHI,2021-03-27,2021-05-03
2020-21,202340,MIA,2020-12-25,2021-02-03
2020-21,202340,HOU,2021-03-29,2021-05-05
2020-21,202357,SAC,2020-12-23,2021-03-22
2020-21,202357,MIA,2021-03-29,2021-05-16
2020-21,202696,ORL,2020-12-23,2021-03-24
2020-21,202696,CHI,2021-03-27,2021-05-15
2020-21,202709,SAC,2020-12-23,2021-03-24
2020-21,202709,DET,2021-03-26,2021-05-16
2020-21,202954,GSW,2020-12-22,2021-03-20
2020-21,202954,CHA,2021-03-28,2021-05-09
2020-21,203083,CLE,2020-12-23,2021-02-12
2020-21,203083,LAL,2021-03-31,2021-05-16
2020-21,203085,NYK,2020-12-31,2021-02-13
2020-21,203085,DEN,2021-04-21,2021-05-16
2020-21,203090,MIA,2020-12-23,2021-03-11
2020-21,203090,SAC,2021-03-27,2021-05-14
2020-21,203095,ORL,2020-12-23,2021-03-24
2020-21,203095,BOS,2021-03-29,2021-05-15
2020-21,203458,TOR,2020-12-29,2021-01-11
2020-21,203458,WAS,2021-01-24,2021-05-16
2020-21,203463,HOU,2021-01-08,2021-04-02
2020-21,203463,LAL,2021-04-08,2021-05-16
2020-21,203476,MEM,2020-12-23,2021-02-28
2020-21,203476,SAS,2021-03-31,2021-05-16
2020-21,203482,MIA,2020-12-23,2021-03-23
2020-21,203482,HOU,2021-03-27,2021-05-16
2020-21,203490,CHI,2020-12-23,2021-03-24
2020-21,203490,ORL,2021-03-28,2021-04-01
2020-21,203506,IND,2020-12-23,2021-01-11
2020-21,203506,HOU,2021-01-18,2021-03-21
2020-21,203506,MIA,2021-04-01,2021-04-08
2020-21,203658,BKN,2021-02-06,2021-02-10
2020-21,203658,SAC,2021-02-25,2021-02-25
2020-21,203658,NYK,2021-04-03,2021-05-07
2020-21,203914,DEN,2020-12-23,2021-02-17
2020-21,203914,ORL,2021-04-09,2021-05-16
2020-21,203918,POR,2020-12-23,2021-03-23
2020-21,203918,TOR,2021-03-26,2021-05-08
2020-21,203920,ORL,2020-12-23,2021-04-07
2020-21,203920,TOR,2021-04-11,2021-05-16
2020-21,203932,ORL,2020-12-23,2021-03-24
2020-21,203932,DEN,2021-03-28,2021-05-16
2020-21,203953,SAC,2021-02-20,2021-03-15
2020-21,203953,BOS,2021-04-17,2021-05-16
2020-21,1626153,DET,2020-12-23,2021-03-24
2020-21,1626153,SAC,2021-03-27,2021-05-16
2020-21,1626181,TOR,2020-12-23,2021-03-24
2020-21,1626181,POR,2021-03-26,2021-05-16
2020-21,1626188,LAL,2020-12-22,2021-02-18
2020-21,1626188,CLE,2021-03-12,2021-03-26
2020-21,1627745,PHX,2020-12-23,2021-02-22
2020-21,1627745,LAL,2021-02-28,2021-03-20
2020-21,1627745,SAC,2021-04-12,2021-05-16
2020-21,1627747,BKN,2020-12-22,2021-01-12
2020-21,1627747,IND,2021-03-13,2021-05-16
2020-21,1627752,BKN,2020-12-22,2021-01-12
2020-21,1627752,CLE,2021-01-20,2021-04-21
2020-21,1627812,CLE,2021-01-11,2021-01-12
2020-21,1627812,LAC,2021-04-21,2021-05-16
2020-21,1627885,UTA,2020-12-23,2021-02-22
2020-21,1627885,DEN,2021-04-16,2021-05-16
2020-21,1628372,NYK,2020-12-26,2021-01-17
2020-21,1628372,DET,2021-02-11,2021-04-10
2020-21,1628382,OKC,2020-12-29,2021-04-03
2020-21,1628382,MIL,2021-05-16,2021-05-16
2020-21,1628386,BKN,2020-12-22,2021-01-12
2020-21,1628386,CLE,2021-01-20,2021-05-16
2020-21,1628391,MIL,2020-12-23,2021-03-11
2020-21,1628391,HOU,2021-03-19,2021-05-01
2020-21,1628392,DEN,2020-12-23,2021-03-21
2020-21,1628392,CLE,2021-03-29,2021-05-07
2020-21,1628395,WAS,2021-01-24,2021-04-23
2020-21,1628395,GSW,2021-05-14,2021-05-14
2020-21,1628396,PHI,2020-12-27,2021-03-23
2020-21,1628396,OKC,2021-03-29,2021-05-16
2020-21,1628411,DAL,2020-12-25,2021-03-21
2020-21,1628411,NOP,2021-03-29,2021-05-12
2020-21,1628414,NOP,2020-12-29,2021-03-14
2020-21,1628414,ORL,2021-05-05,2021-05-16
2020-21,1628436,CHI,2021-01-01,2021-03-22
2020-21,1628436,BOS,2021-03-27,2021-05-16
2020-21,1628464,BOS,2020-12-23,2021-03-24
2020-21,1628464,CHI,2021-03-29,2021-05-11
2020-21,1628470,MIL,2020-12-25,2021-03-11
2020-21,1628470,PHX,2021-03-21,2021-05-16
2020-21,1628972,WAS,2020-12-23,2021-03-23
2020-21,1628972,CHI,2021-03-27,2021-04-19
2020-21,1628976,CHI,2020-12-23,2021-03-24
2020-21,1628976,ORL,2021-03-28,2021-05-14
2020-21,1628977,OKC,2020-12-26,2021-02-24
2020-21,1628977,DET,2021-03-26,2021-05-16
2020-21,1628990,CHI,2020-12-23,2021-02-05
2020-21,1628990,WAS,2021-03-29,2021-05-16
2020-21,1629004,DET,2020-12-23,2021-03-11
2020-21,1629004,OKC,2021-03-18,2021-05-14
2020-21,1629018,POR,2020-12-23,2021-03-23
2020-21,1629018,TOR,2021-03-26,2021-05-11
2020-21,1629021,WAS,2020-12-23,2021-03-23
2020-21,1629021,BOS,2021-03-26,2021-04-15
2020-21,1629021,ORL,2021-04-28,2021-05-16
2020-21,1629056,TOR,2020-12-23,2021-03-24
2020-21,1629056,SAC,2021-03-27,2021-05-16
2020-21,1629066,BKN,2020-12-22,2021-01-10
2020-21,1629066,HOU,2021-01-16,2021-02-28
2020-21,1629066,MIL,2021-04-09,2021-04-24
2020-21,1629076,BKN,2021-02-25,2021-03-03
2020-21,1629076,DET,2021-03-19,2021-05-16
2020-21,1629109,ORL,2020-12-27,2021-03-23
2020-21,1629109,DEN,2021-04-06,2021-04-07
2020-21,1629109,PHI,2021-05-14,2021-05-16
2020-21,1629244,SAS,2021-03-27,2021-03-31
2020-21,1629244,HOU,2021-05-14,2021-05-16
2020-21,1629610,SAC,2021-02-12,2021-04-02
2020-21,1629610,HOU,2021-04-09,2021-05-10
2020-21,1629649,NYK,2020-12-27,2021-01-17
2020-21,1629649,PHI,2021-04-04,2021-04-04
2020-21,1629649,ORL,2021-05-03,2021-05-16
2020-21,1629655,CHI,2020-12-23,2021-03-24
2020-21,1629655,WAS,2021-03-27,2021-05-16
2020-21,1629662,LAC,2020-12-22,2021-03-20
2020-21,1629662,CLE,2021-04-10,2021-05-16
2020-21,1629735,MIA,2020-12-25,2021-03-19
2020-21,1629735,SAC,2021-03-29,2021-04-20
2020-21,1629740,NOP,2020-12-23,2021-03-23
2020-21,1629740,DAL,2021-03-29,2021-05-16
2020-21,1629744,TOR,2020-12-23,2021-03-24
2020-21,1629744,UTA,2021-03-27,2021-05-16
2020-21,1629750,BOS,2020-12-25,2021-03-22
2020-21,1629750,CHI,2021-03-27,2021-05-16
2020-21,1630181,DEN,2020-12-28,2021-03-24
2020-21,1630181,ORL,2021-03-28,2021-05-14
2020-21,1630222,HOU,2021-01-08,2021-03-17
2020-21,1630222,PHI,2021-04-04,2021-04-26
2020-21,1630271,HOU,2020-12-26,2021-01-23
2020-21,1630271,CLE,2021-03-12,2021-05-16
2021-22,200765,LAL,2021-10-19,2021-12-23
2021-22,200765,CLE,2022-01-07,2022-04-10
2021-22,200794,BKN,2021-10-19,2022-01-13
2021-22,200794,PHI,2022-02-15,2022-03-29
2021-22,201152,SAS,2021-10-22,2022-02-03
2021-22,201152,TOR,2022-02-14,2022-04-10
2021-22,201571,HOU,2021-10-20,2022-01-28
2021-22,201571,LAL,2022-03-03,2022-04-10
2021-22,201586,LAC,2021-11-07,2022-02-06
2021-22,201586,MIL,2022-02-14,2022-04-08
2021-22,201599,LAL,2021-10-19,2022-02-27
2021-22,201599,PHI,2022-03-07,2022-04-10
2021-22,201609,TOR,2021-10-20,2021-11-13
2021-22,201609,BKN,2022-02-26,2022-03-31
2021-22,201935,BKN,2021-10-19,2022-02-02
2021-22,201935,PHI,2022-02-25,2022-04-09
2021-22,202326,MIL,2021-12-01,2022-01-05
2021-22,202326,DEN,2022-01-23,2022-04-10
2021-22,202328,MIN,2021-12-27,2022-04-10
2021-22,202328,WAS,2022-01-07,2022-01-09
2021-22,202328,MIL,2022-02-05,2022-02-14
2021-22,202328,UTA,2022-03-29,2022-04-06
2021-22,202362,ATL,2021-12-22,2021-12-31
2021-22,202362,IND,2022-01-02,2022-04-10
2021-22,202397,CHA,2021-10-20,2022-02-09
2021-22,202397,WAS,2022-02-12,2022-04-10
2021-22,202684,SAC,2021-10-20,2022-01-09
2021-22,202684,IND,2022-02-11,2022-02-16
2021-22,202684,CHI,2022-02-24,2022-04-10
2021-22,202722,WAS,2021-10-20,2022-02-07
2021-22,202722,DAL,2022-02-15,2022-04-10
2021-22,202738,LAL,2021-12-17,2021-12-23
2021-22,202738,DAL,2021-12-29,2021-12-29
2021-22,202738,CHA,2022-03-02,2022-04-10
2021-22,202954,IND,2021-10-22,2021-12-26
2021-22,202954,WAS,2021-12-30,2021-12-30
2021-22,203083,PHI,2021-10-20,2022-02-08
2021-22,203083,BKN,2022-02-14,2022-04-10
2021-22,203087,IND,2021-10-20,2022-02-04
2021-22,203087,SAC,2022-02-09,2022-04-10
2021-22,203107,NOP,2021-10-20,2022-01-25
2021-22,203107,SAS,2022-02-25,2022-02-25
2021-22,203107,WAS,2022-03-01,2022-04-10
2021-22,203200,IND,2021-10-20,2022-02-06
2021-22,203200,SAC,2022-02-09,2022-04-10
2021-22,203468,POR,2021-10-20,2022-02-05
2021-22,203468,NOP,2022-02-10,2022-04-10
2021-22,203471,BOS,2021-10-20,2022-02-08
2021-22,203471,HOU,2022-02-14,2022-03-26
2021-22,203496,POR,2021-10-20,2022-02-02
2021-22,203496,LAC,2022-02-06,2022-04-10
2021-22,203503,POR,2021-11-01,2022-02-05
2021-22,203503,NOP,2022-02-14,2022-04-10
2021-22,203516,BKN,2021-12-18,2021-12-27
2021-22,203516,LAC,2022-01-01,2022-01-03
2021-22,203516,DEN,2022-01-11,2022-01-16
2021-22,203552,PHI,2021-10-20,2022-02-08
2021-22,203552,BKN,2022-02-14,2022-04-08
2021-22,203915,WAS,2021-10-20,2022-02-07
2021-22,203915,DAL,2022-02-15,2022-04-10
2021-22,203917,MIA,2021-12-31,2022-01-02
2021-22,203917,BOS,2022-03-09,2022-03-23
2021-22,203918,MIL,2021-10-25,2022-02-06
2021-22,203918,LAC,2022-02-14,2022-04-10
2021-22,204001,DAL,2021-10-21,2022-01-29
2021-22,204001,WAS,2022-03-06,2022-04-06
2021-22,204020,PHI,2021-12-23,2021-12-28
2021-22,204020,SAS,2022-01-07,2022-01-10
2021-22,204025,ORL,2021-12-22,2022-01-09
2021-22,204025,CLE,2022-02-28,2022-03-02
2021-22,204038,BKN,2021-12-16,2021-12-27
2021-22,204038,MIL,2022-01-07,2022-01-10
2021-22,1626147,CLE,2021-12-22,2021-12-28
2021-22,1626147,IND,2022-01-02,2022-04-05
2021-22,1626149,WAS,2021-10-20,2022-02-07
2021-22,1626149,CHA,2022-02-11,2022-04-10
2021-22,1626159,LAC,2021-10-21,2022-01-31
2021-22,1626159,POR,2022-02-05,2022-03-23
2021-22,1626161,DAL,2021-10-21,2021-11-27
2021-22,1626161,PHI,2022-02-25,2022-03-02
2021-22,1626168,DET,2021-10-20,2022-02-08
2021-22,1626168,SAC,2022-02-14,2022-04-10
2021-22,1626181,POR,2021-10-20,2022-02-02
2021-22,1626181,LAC,2022-02-06,2022-04-09
2021-22,1626196,BOS,2021-10-22,2022-02-08
2021-22,1626196,SAS,2022-02-16,2022-04-10
2021-22,1626204,POR,2021-10-20,2022-01-05
2021-22,1626204,NOP,2022-03-24,2022-04-10
2021-22,1627734,IND,2021-10-20,2022-02-06
2021-22,1627734,SAC,2022-02-09,2022-03-20
2021-22,1627741,SAC,2021-10-20,2022-02-05
2021-22,1627741,IND,2022-02-11,2022-04-10
2021-22,1627747,IND,2021-10-30,2022-02-04
2021-22,1627747,CLE,2022-02-09,2022-04-10
2021-22,1627756,CLE,2021-10-22,2021-12-28
2021-22,1627756,UTA,2022-01-12,2022-01-16
2021-22,1627761,BKN,2021-10-19,2022-02-08
2021-22,1627761,MIL,2022-02-26,2022-03-12
2021-22,1627823,BOS,2021-10-22,2022-01-08
2021-22,1627823,SAS,2022-01-21,2022-02-04
2021-22,1627823,UTA,2022-02-11,2022-04-10
2021-22,1627854,SAS,2021-10-20,2022-01-14
2021-22,1627854,DEN,2022-01-21,2022-04-10
2021-22,1627863,HOU,2021-10-22,2021-12-05
2021-22,1627863,NYK,2021-12-23,2021-12-23
2021-22,1627863,UTA,2022-01-07,2022-04-10
2021-22,1628367,DET,2021-10-20,2022-01-28
2021-22,1628367,SAC,2022-02-14,2022-04-10
2021-22,1628382,BOS,2021-12-22,2021-12-22
2021-22,1628382,PHX,2022-01-04,2022-02-07
2021-22,1628400,MIL,2021-10-27,2022-02-05
2021-22,1628400,LAC,2022-02-14,2022-03-25
2021-22,1628401,SAS,2021-10-20,2022-02-09
2021-22,1628401,BOS,2022-02-11,2022-04-10
2021-22,1628404,NOP,2021-10-20,2022-02-06
2021-22,1628404,POR,2022-02-12,2022-03-20
2021-22,1628436,CLE,2021-12-22,2021-12-26
2021-22,1628436,MIL,2022-01-07,2022-01-07
2021-22,1628436,BOS,2022-02-15,2022-04-10
2021-22,1628464,HOU,2021-10-20,2022-01-14
2021-22,1628464,BOS,2022-02-15,2022-04-10
2021-22,1628470,IND,2021-10-20,2022-02-08
2021-22,1628470,PHX,2022-02-12,2022-04-10
2021-22,1628539,ORL,2021-10-30,2021-12-18
2021-22,1628539,MIA,2022-04-05,2022-04-10
2021-22,1628963,SAC,2021-10-22,2022-01-29
2021-22,1628963,DET,2022-02-14,2022-03-31
2021-22,1628975,BKN,2021-10-19,2022-02-17
2021-22,1628975,MIL,2022-02-26,2022-04-10
2021-22,1628978,MIL,2021-12-25,2022-02-08
2021-22,1628978,SAC,2022-02-12,2022-04-10
2021-22,1628981,BOS,2021-11-01,2022-02-08
2021-22,1628981,HOU,2022-02-14,2022-04-01
2021-22,1628988,WAS,2021-10-20,2022-02-07
2021-22,1628988,PHX,2022-02-12,2022-04-10
2021-22,1628993,CHI,2021-10-20,2021-12-11
2021-22,1628993,WAS,2021-12-28,2022-01-03
2021-22,1628993,NOP,2022-03-02,2022-03-13
2021-22,1628995,NYK,2021-10-22,2022-01-12
2021-22,1628995,ATL,2022-01-19,2022-04-10
2021-22,1629103,IND,2021-11-01,2021-12-29
2021-22,1629103,BOS,2022-02-27,2022-03-11
2021-22,1629117,BKN,2021-12-27,2021-12-27
2021-22,1629117,LAC,2022-01-01,2022-01-13
2021-22,1629117,LAL,2022-03-03,2022-04-10
2021-22,1629234,SAS,2021-10-20,2022-02-09
2021-22,1629234,POR,2022-02-24,2022-04-08
2021-22,1629617,POR,2021-12-29,2022-04-10
2021-22,1629617,IND,2022-02-04,2022-02-04
2021-22,1629629,ATL,2021-10-21,2022-01-09
2021-22,1629629,NYK,2022-01-23,2022-03-07
2021-22,1629638,NOP,2021-10-20,2022-02-06
2021-22,1629638,UTA,2022-02-11,2022-04-10
2021-22,1629641,BOS,2021-10-20,2022-02-08
2021-22,1629641,SAS,2022-03-07,2022-04-09
2021-22,1629650,DAL,2021-10-26,2022-02-08
2021-22,1629650,CLE,2022-03-11,2022-04-10
2021-22,1629682,TOR,2021-12-26,2021-12-28
2021-22,1629682,WAS,2022-01-01,2022-01-01
2021-22,1629712,NOP,2021-11-03,2021-11-05
2021-22,1629712,POR,2022-03-30,2022-04-10
2021-22,1629717,HOU,2021-10-20,2022-02-08
2021-22,1629717,TOR,2022-03-06,2022-04-10
2021-22,1629718,DAL,2021-12-25,2021-12-31
2021-22,1629718,PHI,2022-01-07,2022-03-31
2021-22,1629730,DEN,2022-01-01,2022-01-05
2021-22,1629730,MIL,2022-04-08,2022-04-10
2021-22,1629735,MIN,2021-12-27,2021-12-27
2021-22,1629735,MIA,2021-12-31,2022-02-03
2021-22,1629752,TOR,2021-12-26,2021-12-26
2021-22,1629752,BOS,2022-04-03,2022-04-03
2021-22,1630169,SAC,2021-10-20,2022-02-05
2021-22,1630169,IND,2022-02-11,2022-04-10
2021-22,1630176,CHA,2021-10-24,2022-01-23
2021-22,1630176,WAS,2022-02-12,2022-04-10
2021-22,1630188,PHX,2021-10-23,2022-02-08
2021-22,1630188,IND,2022-02-11,2022-04-05
2021-22,1630190,UTA,2021-10-20,2022-02-04
2021-22,1630190,POR,2022-02-12,2022-04-10
2021-22,1630238,UTA,2021-10-20,2022-01-07
2021-22,1630238,BOS,2022-02-27,2022-04-10
2021-22,1630270,MEM,2021-12-31,2022-01-03
2021-22,1630270,UTA,2022-03-16,2022-04-10
2021-22,1630288,GSW,2021-11-03,2021-12-18
2021-22,1630288,MIL,2022-01-07,2022-01-07
2021-22,1630288,ORL,2022-03-23,2022-03-30
2021-22,1630296,PHI,2022-01-07,2022-01-10
2021-22,1630296,DET,2022-03-25,2022-04-10
2021-22,1630553,LAC,2021-11-07,2022-01-09
2021-22,1630553,POR,2022-02-24,2022-04-10
2021-22,1630589,LAC,2021-12-22,2021-12-22
2021-22,1630589,DAL,2022-03-23,2022-04-10
2021-22,1630602,LAL,2021-12-17,2021-12-19
2021-22,1630602,ATL,2021-12-27,2021-12-31
2021-22,1630606,MIL,2021-12-04,2022-01-07
2021-22,1630606,MIA,2022-03-05,2022-04-10
2021-22,1630637,DAL,2021-12-23,2021-12-31
2021-22,1630637,DEN,2022-01-01,2022-01-03
2021-22,1630644,CHI,2021-12-29,2021-12-29
2021-22,1630644,LAL,2022-04-10,2022-04-10
2021-22,1630792,ATL,2021-12-25,2021-12-29
2021-22,1630792,CHI,2022-01-15,2022-04-10
2022-23,201142,BKN,2022-10-19,2023-01-08
2022-23,201142,PHX,2023-03-01,2023-04-06
2022-23,201144,UTA,2022-10-19,2023-02-06
2022-23,201144,MIN,2023-02-10,2023-04-09
2022-23,201566,LAL,2022-10-18,2023-02-07
2022-23,201566,LAC,2023-02-24,2023-04-09
2022-23,201567,CLE,2022-10-19,2023-01-24
2022-23,201567,MIA,2023-02-24,2023-04-09
2022-23,201569,HOU,2022-10-19,2023-02-08
2022-23,201569,LAC,2023-02-14,2023-04-09
2022-23,201588,MIL,2022-10-20,2023-02-02
2022-23,201588,IND,2023-02-13,2023-04-09
2022-23,201609,CHI,2022-10-19,2023-02-13
2022-23,201609,MIL,2023-03-27,2023-04-09
2022-23,201976,LAL,2022-10-18,2023-02-07
2022-23,201976,CHI,2023-02-24,2023-04-09
2022-23,201980,MEM,2023-02-01,2023-02-07
2022-23,201980,CLE,2023-02-15,2023-04-09
2022-23,202681,BKN,2022-10-19,2023-02-01
2022-23,202681,DAL,2023-02-08,2023-04-05
2022-23,202693,BKN,2022-10-19,2023-02-04
2022-23,202693,DAL,2023-02-26,2023-04-09
2022-23,202704,LAC,2022-10-20,2023-02-08
2022-23,202704,DEN,2023-02-23,2023-04-09
2022-23,203082,ORL,2022-10-19,2023-01-21
2022-23,203082,PHX,2023-02-16,2023-04-09
2022-23,203115,WAS,2022-10-19,2023-02-08
2022-23,203115,TOR,2023-02-28,2023-04-09
2022-23,203200,ATL,2022-10-19,2023-02-01
2022-23,203200,DAL,2023-02-23,2023-04-09
2022-23,203457,DET,2022-10-31,2023-02-08
2022-23,203457,BKN,2023-03-07,2023-03-12
2022-23,203473,MIA,2022-10-19,2023-02-04
2022-23,203473,PHI,2023-03-12,2023-04-09
2022-23,203486,CHA,2022-10-19,2023-02-08
2022-23,203486,LAC,2023-02-14,2023-04-09
2022-23,203488,OKC,2022-10-19,2023-02-07
2022-23,203488,BOS,2023-02-10,2023-04-09
2022-23,203915,DAL,2022-10-19,2023-02-04
2022-23,203915,BKN,2023-02-09,2023-04-07
2022-23,203933,BKN,2022-12-02,2023-02-07
2022-23,203933,PHX,2023-02-14,2023-04-04
2022-23,203967,PHX,2022-10-19,2023-02-07
2022-23,203967,OKC,2023-02-15,2023-04-06
2022-23,1626156,MIN,2022-10-19,2023-02-07
2022-23,1626156,LAL,2023-02-11,2023-04-09
2022-23,1626163,ATL,2022-10-28,2023-02-04
2022-23,1626163,HOU,2023-02-13,2023-04-09
2022-23,1626196,SAS,2022-10-19,2023-02-08
2022-23,1626196,NOP,2023-02-13,2023-04-09
2022-23,1627736,UTA,2022-10-19,2023-02-06
2022-23,1627736,LAL,2023-02-11,2023-04-09
2022-23,1627745,LAL,2022-10-20,2023-01-30
2022-23,1627745,UTA,2023-02-15,2023-04-09
2022-23,1627751,SAS,2022-10-19,2023-02-08
2022-23,1627751,TOR,2023-02-10,2023-04-09
2022-23,1627780,POR,2023-01-02,2023-02-08
2022-23,1627780,GSW,2023-03-26,2023-04-09
2022-23,1627827,DAL,2022-10-19,2023-02-04
2022-23,1627827,BKN,2023-02-09,2023-04-07
2022-23,1627853,NYK,2022-10-21,2023-01-20
2022-23,1627853,POR,2023-02-13,2023-03-27
2022-23,1628379,LAC,2022-10-20,2023-02-08
2022-23,1628379,MEM,2023-02-12,2023-04-07
2022-23,1628404,POR,2022-10-19,2023-02-06
2022-23,1628404,NYK,2023-02-11,2023-04-09
2022-23,1628418,LAL,2022-11-18,2023-02-07
2022-23,1628418,DEN,2023-02-11,2023-04-09
2022-23,1628432,DEN,2022-10-19,2023-02-07
2022-23,1628432,LAL,2023-02-13,2023-04-07
2022-23,1628964,ORL,2022-10-19,2023-02-03
2022-23,1628964,LAL,2023-02-15,2023-04-09
2022-23,1628969,PHX,2022-10-19,2023-02-07
2022-23,1628969,BKN,2023-02-11,2023-04-09
2022-23,1628981,HOU,2022-10-19,2023-02-08
2022-23,1628981,ATL,2023-02-15,2023-04-09
2022-23,1628984,NOP,2022-10-19,2023-02-05
2022-23,1628984,SAS,2023-02-10,2023-04-04
2022-23,1628995,DET,2022-10-19,2023-02-08
2022-23,1628995,POR,2023-02-13,2023-04-09
2022-23,1629004,NYK,2022-10-21,2023-01-20
2022-23,1629004,CHA,2023-02-15,2023-04-09
2022-23,1629020,UTA,2022-10-19,2023-02-03
2022-23,1629020,LAL,2023-02-11,2023-04-09
2022-23,1629048,IND,2022-10-19,2023-01-20
2022-23,1629048,ORL,2023-02-25,2023-04-09
2022-23,1629060,WAS,2022-10-19,2023-01-21
2022-23,1629060,LAL,2023-01-25,2023-04-09
2022-23,1629134,LAL,2022-10-18,2023-01-22
2022-23,1629134,WAS,2023-01-25,2023-04-09
2022-23,1629308,LAL,2022-10-18,2023-01-30
2022-23,1629308,UTA,2023-02-15,2023-04-09
2022-23,1629629,NYK,2022-10-19,2022-12-03
2022-23,1629629,POR,2023-02-10,2023-03-27
2022-23,1629638,UTA,2022-10-19,2023-02-03
2022-23,1629638,MIN,2023-02-10,2023-04-09
2022-23,1629647,OKC,2022-10-19,2023-02-06
2022-23,1629647,PHX,2023-03-03,2023-04-09
2022-23,1629650,LAC,2022-10-23,2023-01-29
2022-23,1629650,BKN,2023-03-26,2023-03-31
2022-23,1629661,PHX,2022-10-19,2023-02-07
2022-23,1629661,BKN,2023-02-11,2023-04-07
2022-23,1629667,CHA,2022-10-19,2023-02-08
2022-23,1629667,PHI,2023-02-11,2023-04-09
2022-23,1629670,MIL,2022-10-20,2023-01-31
2022-23,1629670,IND,2023-02-13,2023-04-09
2022-23,1629680,PHI,2022-10-18,2023-02-08
2022-23,1629680,POR,2023-02-13,2023-04-02
2022-23,1629726,HOU,2022-10-19,2023-02-03
2022-23,1629726,ATL,2023-02-15,2023-04-09
2022-23,1630164,GSW,2022-10-18,2023-02-06
2022-23,1630164,DET,2023-02-15,2023-04-09
2022-23,1630180,DET,2022-10-19,2023-02-08
2022-23,1630180,ATL,2023-02-13,2023-04-09
2022-23,1630181,ORL,2022-10-19,2023-01-20
2022-23,1630181,DET,2023-02-25,2023-04-09
2022-23,1630240,PHI,2022-11-27,2022-11-30
2022-23,1630240,PHX,2023-01-11,2023-04-09
2022-23,1630346,LAL,2022-10-18,2022-11-30
2022-23,1630346,MIN,2022-12-12,2023-04-08
2022-23,1630538,DEN,2022-10-19,2023-01-31
2022-23,1630538,LAC,2023-02-14,2023-04-09
2022-23,1630551,TOR,2022-10-28,2022-12-07
2022-23,1630551,BOS,2023-04-07,2023-04-09
2022-23,1630556,BKN,2022-10-19,2023-02-06
2022-23,1630556,SAC,2023-02-14,2023-04-09
2022-23,1630572,MIL,2022-10-22,2023-02-16
2022-23,1630572,SAS,2023-03-04,2023-04-09
2022-23,1630577,PHI,2022-11-22,2022-11-27
2022-23,1630577,SAS,2023-03-04,2023-04-09
2022-23,1630639,MIN,2022-11-16,2022-11-16
2022-23,1630639,DAL,2022-12-29,2023-04-09
2022-23,1630647,OKC,2022-10-19,2023-02-15
2022-23,1630647,DET,2023-03-04,2023-04-05
2022-23,1630678,IND,2022-10-19,2023-02-05
2022-23,1630678,CHI,2023-02-24,2023-04-09
2022-23,1630696,MIA,2022-10-26,2022-12-08
2022-23,1630696,BKN,2023-02-06,2023-04-09
