"Date","Team","Opponent","Minutes","OffPoss","Points","FG2M","FG2A","Fg2Pct","FG3M","FG3A","Fg3Pct","NonHeaveFg3Pct","FtPoints","PtsAssisted2s","PtsUnassisted2s","PtsAssisted3s","PtsUnassisted3s","Assisted2sPct","NonPutbacksAssisted2sPct","Assisted3sPct","FG3APct","ShotQualityAvg","EfgPct","TsPct","PtsPutbacks","Fg2aBlocked","FG2APctBlocked","Fg3aBlocked","FG3APctBlocked","Usage"
"2015-10-28","SAC","LAC","07:51",15,2,1,2,0.5,0,0,0,0,0,0,2,0,0,0,0,0,0,0.41805,0.5,0.5,2,0,0,0,0,11.11111111111111
"2015-10-30","SAC","LAL","30:11",68,17,7,8,0.875,0,0,0,0,3,4,10,0,0,0.2857142857142857,0.5,0,0,0.516425,0.875,0.85,6,0,0,0,0,14.814814814814813
"2015-10-31","SAC","LAC","22:49",46,8,3,5,0.6,0,0,0,0,2,2,4,0,0,0.3333333333333333,0.5,0,0,0.6509199999999999,0.6,0.5714285714285714,2,0,0,0,0,15.517241379310345
"2015-11-03","SAC","MEM","34:02",68,9,3,4,0.75,0,0,0,0,3,6,0,0,0,1,1,0,0,0.639075,0.75,0.6428571428571429,0,0,0,0,0,10.526315789473685
"2015-11-04","SAC","PHX","16:19",34,0,0,0,0,0,0,0,0,0,0,0,0,0,0,0,0,0,0,0,0,0,0,0,0,0,0
"2015-11-06","SAC","HOU","22:02",48,7,3,5,0.6,0,0,0,0,1,4,2,0,0,0.6666666666666666,1,0,0,0.6899,0.6,0.5833333333333334,2,0,0,0,0,10.909090909090908
"2015-11-07","SAC","GSW","19:46",38,6,3,4,0.75,0,0,0,0,0,6,0,0,0,1,1,0,0,0.67605,0.75,0.75,0,0,0,0,0,11.11111111111111
"2015-11-09","SAC","SAS","22:14",45,4,2,3,0.6666666666666666,0,0,0,0,0,4,0,0,0,1,1,0,0,0.6828,0.6666666666666666,0.6666666666666666,0,0,0,0,0,6.382978723404256
"2015-11-11","SAC","DET","16:05",29,4,2,3,0.6666666666666666,0,0,0,0,0,4,0,0,0,1,1,0,0,0.5581666666666667,0.6666666666666666,0.6666666666666666,0,0,0,0,0,12.121212121212121
"2015-11-13","SAC","BKN","18:03",39,1,0,0,0,0,0,0,0,1,0,0,0,0,0,0,0,0,0,0,0.5,0,0,0,0,0,4.545454545454546
"2015-11-15","SAC","TOR","08:21",16,0,0,0,0,0,0,0,0,0,0,0,0,0,0,0,0,0,0,0,0,0,0,0,0,0,5.555555555555555
"2015-11-18","SAC","ATL","14:09",27,0,0,2,0,0,0,0,0,0,0,0,0,0,0,0,0,0,0.7313,0,0,0,0,0,0,0,5.405405405405405
"2015-11-19","SAC","MIA","22:28",46,11,5,7,0.7142857142857143,0,0,0,0,1,8,2,0,0,0.8,1,0,0,0.5536714285714286,0.7142857142857143,0.6875,2,0,0,0,0,22.448979591836736
"2015-11-21","SAC","ORL","17:16",34,2,1,5,0.2,0,0,0,0,0,2,0,0,0,1,1,0,0,0.52464,0.2,0.2,0,1,0.2,0,0,12.5
"2015-11-23","SAC","CHA","08:20",19,0,0,0,0,0,0,0,0,0,0,0,0,0,0,0,0,0,0,0,0,0,0,0,0,0,0
"2015-11-25","SAC","MIL","23:23",45,7,3,4,0.75,0,0,0,0,1,4,2,0,0,0.6666666666666666,1,0,0,0.73185,0.75,0.7,2,1,0.25,0,0,9.803921568627452
"2015-11-27","SAC","MIN","24:47",46,6,3,5,0.6,0,0,0,0,0,6,0,0,0,1,1,0,0,0.79708,0.6,0.5,0,0,0,0,0,12
"2015-11-28","SAC","GSW","20:05",38,3,1,5,0.2,0,0,0,0,1,2,0,0,0,1,1,0,0,0.5825400000000001,0.2,0.25,0,0,0,0,0,13.043478260869565
"2015-11-30","SAC","DAL","12:19",24,1,0,0,0,0,0,0,0,1,0,0,0,0,0,0,0,0,0,0,0.5,0,0,0,0,0,6.8965517241379315
"2015-12-03","SAC","BOS","17:41",39,8,2,2,1,0,0,0,0,4,2,2,0,0,0.5,1,0,0,0.4048,1,0.8,2,0,0,0,0,14.285714285714286
"2016-01-02","SAC","PHX","04:50",11,4,2,3,0.6666666666666666,0,0,0,0,0,2,2,0,0,0.5,1,0,0,0.5309666666666667,0.6666666666666666,0.6666666666666666,2,0,0,0,0,21.428571428571427
"2016-01-04","SAC","OKC","15:15",31,8,3,4,0.75,0,0,0,0,2,4,2,0,0,0.6666666666666666,1,0,0,0.893075,0.75,0.6666666666666666,2,1,0.25,0,0,15
"2016-01-09","SAC","GSW","09:18",20,10,4,6,0.6666666666666666,0,0,0,0,2,8,0,0,0,1,1,0,0,0.6012666666666667,0.6666666666666666,0.625,0,1,0.16666666666666666,0,0,36.36363636363637
"2016-01-13","SAC","NOP","15:54",35,2,1,1,1,0,0,0,0,0,2,0,0,0,1,1,0,0,0.84,1,1,0,0,0,0,0,5.405405405405405
"2016-01-14","SAC","UTA","23:43",44,9,4,6,0.6666666666666666,0,0,0,0,1,6,2,0,0,0.75,1,0,0,0.7112166666666666,0.6666666666666666,0.6428571428571429,2,0,0,0,0,13.72549019607843
"2016-01-16","SAC","LAC","12:31",29,2,0,3,0,0,0,0,0,2,0,0,0,0,0,0,0,0,0.7509,0,0.2,0,0,0,0,0,16.666666666666668
"2016-01-20","SAC","LAL","29:25",59,12,5,8,0.625,0,0,0,0,2,6,4,0,0,0.6,0.75,0,0,0.6616375,0.625,0.6,2,0,0,0,0,14.084507042253522
"2016-01-21","SAC","ATL","29:59",61,12,5,8,0.625,0,0,0,0,2,8,2,0,0,0.8,1,0,0,0.5956625,0.625,0.6666666666666666,2,1,0.125,0,0,11.842105263157894
"2016-01-23","SAC","IND","34:14",73,6,3,6,0.5,0,0,0,0,0,4,2,0,0,0.6666666666666666,1,0,0,0.5886666666666667,0.5,0.5,2,1,0.16666666666666666,0,0,7.954545454545454
"2016-01-25","SAC","CHA","38:13",69,9,4,8,0.5,0,0,0,0,1,8,0,0,0,1,1,0,0,0.57295,0.5,0.5,0,0,0,0,0,14.814814814814813
"2016-01-26","SAC","POR","29:32",61,12,5,8,0.625,0,0,0,0,2,10,0,0,0,1,1,0,0,0.70995,0.625,0.6666666666666666,0,1,0.125,0,0,13.043478260869566
"2016-01-28","SAC","NOP","14:56",35,6,1,2,0.5,0,0,0,0,4,2,0,0,0,1,1,0,0,0.73345,0.5,0.75,0,0,0,0,0,11.428571428571429
"2016-01-30","SAC","MEM","15:58",34,2,1,3,0.3333333333333333,0,0,0,0,0,2,0,0,0,1,1,0,0,0.4953,0.3333333333333333,0.3333333333333333,0,1,0.3333333333333333,0,0,7.692307692307692
"2016-02-01","SAC","MIL","28:30",59,4,2,4,0.5,0,0,0,0,0,2,2,0,0,0.5,1,0,0,0.553225,0.5,0.5,2,1,0.25,0,0,10.606060606060606
"2016-02-03","SAC","CHI","17:42",35,2,1,4,0.25,0,0,0,0,0,2,0,0,0,1,1,0,0,0.413275,0.25,0.25,0,0,0,0,0,9.523809523809524
"2016-02-05","SAC","BKN","28:54",62,16,7,8,0.875,0,0,0,0,2,12,2,0,0,0.8571428571428571,1,0,0,0.7273875,0.875,0.8888888888888888,2,1,0.125,0,0,16.666666666666664
"2016-02-07","SAC","BOS","23:20",49,15,7,9,0.7777777777777778,0,0,0,0,1,10,4,0,0,0.7142857142857143,1,0,0,0.639411111111111,0.7777777777777778,0.8333333333333334,4,1,0.1111111111111111,0,0,18.867924528301884
"2016-02-08","SAC","CLE","29:32",64,13,6,9,0.6666666666666666,0,0,0,0,1,12,0,0,0,1,1,0,0,0.6138333333333333,0.6666666666666666,0.65,0,1,0.1111111111111111,0,0,17.142857142857142
"2016-02-10","SAC","PHI","17:15",36,3,1,3,0.3333333333333333,0,0,0,0,1,2,0,0,0,1,1,0,0,0.5960666666666666,0.3333333333333333,0.375,0,1,0.3333333333333333,0,0,10
"2016-02-19","SAC","DEN","14:22",28,10,5,5,1,0,0,0,0,0,6,4,0,0,0.6,0.75,0,0,0.7008,1,1,2,0,0,0,0,19.35483870967742
"2016-02-23","SAC","DEN","23:26",50,10,4,7,0.5714285714285714,0,0,0,0,2,8,0,0,0,1,1,0,0,0.7159857142857142,0.5714285714285714,0.625,0,1,0.14285714285714285,0,0,14.545454545454545
"2016-02-24","SAC","SAS","17:38",38,12,6,10,0.6,0,0,0,0,0,8,4,0,0,0.6666666666666666,0.8,0,0,0.46932,0.6,0.6,2,0,0,0,0,23.25581395348837
"2016-02-26","SAC","LAC","23:43",45,4,1,2,0.5,0,0,0,0,2,2,0,0,0,1,1,0,0,0.5281,0.5,0.6666666666666666,0,0,0,0,0,5.084745762711865
"2016-02-29","SAC","OKC","16:14",32,6,2,4,0.5,0,0,0,0,2,2,2,0,0,0.5,1,0,0,0.586125,0.5,0.6,2,0,0,0,0,16.666666666666668
"2016-03-02","SAC","MEM","19:31",41,8,4,4,1,0,0,0,0,0,8,0,0,0,1,1,0,0,0.6552,1,1,0,0,0,0,0,8.88888888888889
"2016-03-03","SAC","DAL","05:54",12,2,1,2,0.5,0,0,0,0,0,2,0,0,0,1,1,0,0,0.67075,0.5,0.5,0,0,0,0,0,15.384615384615383
"2016-03-05","SAC","SAS","11:32",24,1,0,3,0,0,0,0,0,1,0,0,0,0,0,0,0,0,0.3657333333333333,0,0.125,0,0,0,0,0,15.384615384615383
"2016-03-07","SAC","NOP","05:30",13,0,0,2,0,0,0,0,0,0,0,0,0,0,0,0,0,0,0.41625,0,0,0,0,0,0,0,13.333333333333334
"2016-03-09","SAC","CLE","11:38",22,4,2,2,1,0,0,0,0,0,4,0,0,0,1,1,0,0,0.6571,1,1,0,0,0,0,0,8.695652173913043
"2016-03-11","SAC","ORL","20:51",46,12,4,9,0.4444444444444444,0,0,0,0,4,8,0,0,0,1,1,0,0,0.5610333333333333,0.4444444444444444,0.5454545454545454,0,0,0,0,0,25
"2016-03-13","SAC","UTA","28:50",59,10,4,6,0.6666666666666666,0,0,0,0,2,8,0,0,0,1,1,0,0,0.42924999999999996,0.6666666666666666,0.5555555555555556,0,0,0,0,0,13.636363636363635
"2016-03-15","SAC","LAL","31:47",72,8,3,3,1,0,0,0,0,2,6,0,0,0,1,1,0,0,0.8095,1,1,0,0,0,0,0,5.333333333333333
"2016-03-16","SAC","NOP","24:03",45,2,1,5,0.2,0,0,0,0,0,0,2,0,0,0,0,0,0,0.47430000000000005,0.2,0.2,0,1,0.2,0,0,9.803921568627452
"2016-03-21","SAC","CHI","04:58",10,0,0,2,0,0,0,0,0,0,0,0,0,0,0,0,0,0,0.60605,0,0,0,0,0,0,0,21.428571428571427
"2016-03-23","SAC","MIN","21:29",41,2,1,4,0.25,0,0,0,0,0,2,0,0,0,1,1,0,0,0.55435,0.25,0.25,0,0,0,0,0,8.333333333333334
"2016-03-25","SAC","PHX","29:00",65,26,11,17,0.6470588235294118,0,2,0,0,4,16,6,0,0,0.7272727272727273,0.8,0,0.10526315789473684,0.5410052631578948,0.5789473684210527,0.5909090909090909,2,0,0,0,0,33.78378378378378
"2016-03-27","SAC","DAL","28:19",62,21,8,11,0.7272727272727273,0,0,0,0,5,12,4,0,0,0.75,0.75,0,0,0.4899909090909091,0.7272727272727273,0.8076923076923077,0,1,0.09090909090909091,0,0,23.076923076923077
"2016-03-28","SAC","POR","33:27",70,13,6,12,0.5,0,0,0,0,1,4,8,0,0,0.3333333333333333,0.6666666666666666,0,0,0.49464166666666665,0.5,0.5,6,1,0.08333333333333333,0,0,17.5
"2016-03-30","SAC","WAS","23:18",50,6,3,7,0.42857142857142855,0,0,0,0,0,6,0,0,0,1,1,0,0,0.6271714285714286,0.42857142857142855,0.375,0,0,0,0,0,14.814814814814813
"2016-04-01","SAC","MIA","22:08",40,4,1,6,0.16666666666666666,0,0,0,0,2,2,0,0,0,1,1,0,0,0.5078333333333334,0.16666666666666666,0.2857142857142857,0,1,0.16666666666666666,0,0,13.461538461538462
"2016-04-02","SAC","DEN","38:44",77,14,5,7,0.7142857142857143,0,0,0,0,4,6,4,0,0,0.6,1,0,0,0.4747571428571429,0.7142857142857143,0.7777777777777778,4,1,0.14285714285714285,0,0,11.363636363636363
"2016-04-05","SAC","POR","33:31",64,9,3,7,0.42857142857142855,0,0,0,0,3,6,0,0,0,1,1,0,0,0.5603714285714286,0.42857142857142855,0.5,0,1,0.14285714285714285,0,0,12.857142857142858
"2016-04-07","SAC","MIN","32:45",66,15,6,12,0.5,0,0,0,0,3,4,8,0,0,0.3333333333333333,0.6666666666666666,0,0,0.48691666666666666,0.5,0.5769230769230769,6,0,0,0,0,18.072289156626507
"2016-04-09","SAC","OKC","21:09",43,4,2,2,1,0,0,0,0,0,4,0,0,0,1,1,0,0,0.59055,1,0.6666666666666666,0,0,0,0,0,5.88235294117647
"2016-04-11","SAC","PHX","39:10",86,11,4,9,0.4444444444444444,0,0,0,0,3,8,0,0,0,1,1,0,0,0.5921333333333334,0.4444444444444444,0.5,0,1,0.1111111111111111,0,0,15.217391304347826
"2016-04-13","SAC","HOU","31:20",67,6,3,10,0.3,0,0,0,0,0,2,4,0,0,0.3333333333333333,0.5,0,0,0.52514,0.3,0.3,2,1,0.1,0,0,16.216216216216218
"2016-10-26","SAC","PHX","19:06",37,6,3,6,0.5,0,0,0,0,0,6,0,0,0,1,1,0,0,0.5665166666666667,0.5,0.5,0,1,0.16666666666666666,0,0,15.909090909090908
"2016-10-27","SAC","SAS","10:47",21,3,1,3,0.3333333333333333,0,0,0,0,1,0,2,0,0,0,0,0,0,0.38863333333333333,0.3333333333333333,0.375,0,1,0.3333333333333333,0,0,20.833333333333336
"2016-10-29","SAC","MIN","08:17",17,4,2,3,0.6666666666666666,0,0,0,0,0,4,0,0,0,1,1,0,0,0.5659333333333333,0.6666666666666666,0.6666666666666666,0,0,0,0,0,17.64705882352941
"2016-10-31","SAC","ATL","11:55",20,0,0,2,0,0,0,0,0,0,0,0,0,0,0,0,0,0,0.7455,0,0,0,1,0.5,0,0,13.043478260869565
"2016-11-03","SAC","ORL","24:40",44,4,2,5,0.4,0,0,0,0,0,2,2,0,0,0.5,0.5,0,0,0.60204,0.4,0.4,0,0,0,0,0,11.538461538461538
"2016-11-05","SAC","MIL","17:01",32,6,2,2,1,0,0,0,0,2,2,2,0,0,0.5,0.5,0,0,0.80685,1,1,0,0,0,0,0,11.11111111111111
"2016-11-08","SAC","NOP","12:25",24,9,4,6,0.6666666666666666,0,0,0,0,1,8,0,0,0,1,1,0,0,0.5583166666666667,0.6666666666666666,0.6428571428571429,0,1,0.16666666666666666,0,0,36
"2016-11-10","SAC","LAL","11:50",23,6,3,4,0.75,0,0,0,0,0,4,2,0,0,0.6666666666666666,1,0,0,0.66575,0.75,0.75,2,0,0,0,0,18.51851851851852
"2016-11-11","SAC","POR","08:12",14,4,2,2,1,0,0,0,0,0,4,0,0,0,1,1,0,0,0.62175,1,1,0,0,0,0,0,10.526315789473685
"2016-11-16","SAC","SAS","13:02",27,11,3,5,0.6,0,0,0,0,5,6,0,0,0,1,1,0,0,0.42472000000000004,0.6,0.6875,0,0,0,0,0,34.48275862068966
"2016-11-18","SAC","LAC","08:00",17,4,2,5,0.4,0,0,0,0,0,2,2,0,0,0.5,0.5,0,0,0.36182,0.4,0.4,0,0,0,0,0,23.80952380952381
"2016-11-20","SAC","TOR","04:18",9,2,1,2,0.5,0,0,0,0,0,2,0,0,0,1,1,0,0,0.45075,0.5,0.5,0,0,0,0,0,20
"2016-11-27","SAC","BKN","03:18",6,0,0,1,0,0,0,0,0,0,0,0,0,0,0,0,0,0,0.3509,0,0,0,0,0,0,0,16.666666666666668
"2016-11-28","SAC","WAS","14:04",30,8,3,4,0.75,0,0,0,0,2,6,0,0,0,1,1,0,0,0.7746,0.75,0.8,0,0,0,0,0,15.625
"2016-12-02","SAC","BOS","11:59",22,6,3,5,0.6,0,0,0,0,0,6,0,0,0,1,1,0,0,0.64192,0.6,0.6,0,2,0.4,0,0,22.727272727272727
"2016-12-04","SAC","NYK","23:12",46,9,4,7,0.5714285714285714,0,0,0,0,1,6,2,0,0,0.75,1,0,0,0.4882571428571429,0.5714285714285714,0.5625,2,2,0.2857142857142857,0,0,14.545454545454545
"2016-12-07","SAC","DAL","15:27",33,6,3,5,0.6,0,0,0,0,0,6,0,0,0,1,1,0,0,0.6208400000000001,0.6,0.5,0,1,0.2,0,0,20
"2016-12-09","SAC","NYK","12:11",23,0,0,2,0,0,0,0,0,0,0,0,0,0,0,0,0,0,0.3728,0,0,0,0,0,0,0,8.333333333333334
"2016-12-10","SAC","UTA","11:50",20,4,2,4,0.5,0,1,0,0,0,2,2,0,0,0.5,1,0,0.2,0.5451900000000001,0.4,0.4,2,1,0.25,0,0,20.833333333333336
"2016-12-12","SAC","LAL","10:53",25,8,4,6,0.6666666666666666,0,0,0,0,0,4,4,0,0,0.5,1,0,0,0.49803333333333333,0.6666666666666666,0.6666666666666666,4,0,0,0,0,26.666666666666668
"2016-12-14","SAC","HOU","22:50",48,11,5,8,0.625,0,0,0,0,1,8,2,0,0,0.8,0.8,0,0,0.541125,0.625,0.6875,0,1,0.125,0,0,16
"2016-12-16","SAC","MEM","02:24",4,0,0,0,0,0,0,0,0,0,0,0,0,0,0,0,0,0,0,0,0,0,0,0,0,0,16.666666666666668
"2016-12-18","SAC","DAL","14:29",26,4,2,4,0.5,0,0,0,0,0,2,2,0,0,0.5,1,0,0,0.51465,0.5,0.4,2,1,0.25,0,0,21.428571428571427
"2016-12-20","SAC","POR","06:53",14,6,3,3,1,0,0,0,0,0,4,2,0,0,0.6666666666666666,0.6666666666666666,0,0,0.5724,1,1,0,0,0,0,0,21.428571428571427
"2016-12-21","SAC","UTA","18:33",33,5,2,4,0.5,0,0,0,0,1,0,4,0,0,0,0,0,0,0.4415,0.5,0.5,0,1,0.25,0,0,13.88888888888889
"2016-12-23","SAC","MIN","07:49",16,2,1,3,0.3333333333333333,0,0,0,0,0,2,0,0,0,1,1,0,0,0.5737,0.3333333333333333,0.3333333333333333,0,0,0,0,0,23.52941176470588
"2016-12-26","SAC","PHI","12:27",26,9,4,7,0.5714285714285714,0,0,0,0,1,8,0,0,0,1,1,0,0,0.5857142857142856,0.5714285714285714,0.5625,0,1,0.14285714285714285,0,0,26.666666666666668
"2016-12-28","SAC","POR","10:03",17,0,0,0,0,0,0,0,0,0,0,0,0,0,0,0,0,0,0,0,0,0,0,0,0,0,5.88235294117647
"2016-12-31","SAC","MEM","03:05",5,0,0,0,0,0,0,0,0,0,0,0,0,0,0,0,0,0,0,0,0,0,0,0,0,0,16.666666666666668
"2017-01-03","SAC","DEN","01:09",3,0,0,1,0,0,0,0,0,0,0,0,0,0,0,0,0,0,0.3934,0,0,0,0,0,0,0,66.66666666666667
"2017-01-04","SAC","MIA","06:45",12,2,1,2,0.5,0,0,0,0,0,0,2,0,0,0,0,0,0,0.42355,0.5,0.5,0,0,0,0,0,13.333333333333334
"2017-01-13","SAC","CLE","00:45",1,0,0,0,0,0,0,0,0,0,0,0,0,0,0,0,0,0,0,0,0,0,0,0,0,0,0
"2017-01-15","SAC","OKC","04:44",10,2,1,2,0.5,0,0,0,0,0,2,0,0,0,1,1,0,0,0.43025,0.5,0.5,0,0,0,0,0,25
"2017-01-18","SAC","IND","05:37",11,0,0,0,0,0,0,0,0,0,0,0,0,0,0,0,0,0,0,0,0,0,0,0,0,0,0
"2017-01-20","SAC","MEM","12:00",24,6,2,3,0.6666666666666666,0,0,0,0,2,4,0,0,0,1,1,0,0,0.39316666666666666,0.6666666666666666,0.75,0,0,0,0,0,16
"2017-01-21","SAC","CHI","12:37",25,5,2,3,0.6666666666666666,0,0,0,0,1,4,0,0,0,1,1,0,0,0.5299333333333334,0.6666666666666666,0.625,0,0,0,0,0,14.285714285714285
"2017-01-23","SAC","DET","21:14",41,12,5,8,0.625,0,0,0,0,2,4,6,0,0,0.4,0.5,0,0,0.5750375,0.625,0.6666666666666666,2,0,0,0,0,18.367346938775512
"2017-01-25","SAC","CLE","26:26",49,8,3,8,0.375,0,0,0,0,2,4,2,0,0,0.6666666666666666,0.6666666666666666,0,0,0.520175,0.375,0.4444444444444444,0,0,0,0,0,15.517241379310345
"2017-01-27","SAC","IND","11:32",19,2,0,1,0,0,0,0,0,2,0,0,0,0,0,0,0,0,0.4311,0,0.5,0,0,0,0,0,9.523809523809524
"2017-01-28","SAC","CHA","14:26",28,13,6,7,0.8571428571428571,0,0,0,0,1,12,0,0,0,1,1,0,0,0.7360857142857142,0.8571428571428571,0.7222222222222222,0,0,0,0,0,33.333333333333336
"2017-01-30","SAC","PHI","20:06",38,17,8,10,0.8,0,0,0,0,1,16,0,0,0,1,1,0,0,0.60154,0.8,0.7727272727272727,0,1,0.1,0,0,33.333333333333336
"2017-01-31","SAC","HOU","24:07",48,10,4,9,0.4444444444444444,0,1,0,0,2,6,2,0,0,0.75,0.75,0,0.1,0.419885,0.4,0.45454545454545453,0,0,0,0,0,21.428571428571427
"2017-02-03","SAC","PHX","14:29",30,4,2,4,0.5,0,0,0,0,0,2,2,0,0,0.5,0.5,0,0,0.3534,0.5,0.5,0,1,0.25,0,0,16.129032258064516
"2017-02-04","SAC","GSW","17:33",32,14,7,12,0.5833333333333334,0,0,0,0,0,10,4,0,0,0.7142857142857143,0.7142857142857143,0,0,0.63825,0.5833333333333334,0.5833333333333334,0,2,0.16666666666666666,0,0,35.29411764705882
"2017-02-06","SAC","CHI","06:48",14,4,2,2,1,0,0,0,0,0,2,2,0,0,0.5,0.5,0,0,0.41085,1,1,0,0,0,0,0,14.285714285714285
"2017-02-08","SAC","BOS","23:46",48,14,5,8,0.625,0,0,0,0,4,8,2,0,0,0.8,0.8,0,0,0.4824,0.625,0.7,0,0,0,0,0,18.867924528301884
"2017-02-10","SAC","ATL","16:24",28,9,4,6,0.6666666666666666,0,0,0,0,1,6,2,0,0,0.75,0.75,0,0,0.35245,0.6666666666666666,0.75,0,0,0,0,0,20.689655172413794
"2017-02-12","SAC","NOP","17:37",35,8,3,6,0.5,0,0,0,0,2,6,0,0,0,1,1,0,0,0.37443333333333334,0.5,0.5714285714285714,0,0,0,0,0,22.857142857142858
"2017-02-14","SAC","LAL","15:26",33,8,3,5,0.6,0,0,0,0,2,6,0,0,0,1,1,0,0,0.6812400000000001,0.6,0.6666666666666666,0,2,0.4,0,0,17.142857142857142
"2017-02-15","SAC","GSW","24:19",47,13,6,16,0.375,0,0,0,0,1,8,4,0,0,0.6666666666666666,0.8,0,0,0.46199375,0.375,0.40625,2,2,0.125,0,0,35.08771929824562
"2017-02-23","SAC","DEN","35:03",72,29,14,22,0.6363636363636364,0,0,0,0,1,18,10,0,0,0.6428571428571429,0.75,0,0,0.5000954545454546,0.6363636363636364,0.6590909090909091,4,0,0,0,0,31.645569620253163
"2017-02-25","SAC","CHA","28:19",52,2,0,5,0,0,0,0,0,2,0,0,0,0,0,0,0,0,0.38644,0,0.16666666666666666,0,0,0,0,0,9.836065573770492
"2017-02-27","SAC","MIN","34:11",69,14,5,11,0.45454545454545453,0,0,0,0,4,6,4,0,0,0.6,0.6,0,0,0.5246818181818181,0.45454545454545453,0.5,0,1,0.09090909090909091,0,0,23.376623376623375
"2017-03-01","SAC","BKN","24:38",50,9,2,6,0.3333333333333333,0,0,0,0,5,4,0,0,0,1,1,0,0,0.5021833333333333,0.3333333333333333,0.5,0,0,0,0,0,21.05263157894737
"2017-03-05","SAC","UTA","39:16",74,15,6,12,0.5,0,0,0,0,3,12,0,0,0,1,1,0,0,0.53405,0.5,0.5,0,1,0.08333333333333333,0,0,18.987341772151897
"2017-03-06","SAC","DEN","28:24",55,10,5,11,0.45454545454545453,0,0,0,0,0,6,4,0,0,0.6,0.6,0,0,0.6749727272727273,0.45454545454545453,0.45454545454545453,0,1,0.09090909090909091,0,0,19.047619047619047
"2017-03-08","SAC","SAS","27:01",55,8,4,7,0.5714285714285714,0,0,0,0,0,4,4,0,0,0.5,0.6666666666666666,0,0,0.6668142857142857,0.5714285714285714,0.5714285714285714,2,1,0.14285714285714285,0,0,11.864406779661017
"2017-03-10","SAC","WAS","42:23",85,20,7,12,0.5833333333333334,0,0,0,0,6,10,4,0,0,0.7142857142857143,0.8333333333333334,0,0,0.5609083333333333,0.5833333333333334,0.625,2,0,0,0,0,19.78021978021978
"2017-03-11","SAC","DEN","35:25",66,13,3,11,0.2727272727272727,0,0,0,0,7,6,0,0,0,1,1,0,0,0.39245454545454544,0.2727272727272727,0.43333333333333335,0,1,0.09090909090909091,0,0,24.324324324324326
"2017-03-13","SAC","ORL","36:05",75,18,9,16,0.5625,0,0,0,0,0,12,6,0,0,0.6666666666666666,0.6666666666666666,0,0,0.479575,0.5625,0.5625,0,1,0.0625,0,0,21.794871794871796
"2017-03-15","SAC","PHX","33:23",71,14,6,11,0.5454545454545454,0,0,0,0,2,0,12,0,0,0,0,0,0,0.4964363636363636,0.5454545454545454,0.5,0,0,0,0,0,21.25
"2017-03-18","SAC","OKC","26:27",51,4,1,4,0.25,0,0,0,0,2,2,0,0,0,1,1,0,0,0.560825,0.25,0.4,0,0,0,0,0,14.035087719298247
"2017-03-19","SAC","SAS","32:13",61,18,5,11,0.45454545454545453,0,0,0,0,8,10,0,0,0,1,1,0,0,0.5126636363636364,0.45454545454545453,0.5625,0,0,0,0,0,27.69230769230769
"2017-03-22","SAC","MIL","27:12",50,10,5,10,0.5,0,0,0,0,0,8,2,0,0,0.8,0.8,0,0,0.53707,0.5,0.5,0,1,0.1,0,0,22.22222222222222
"2017-03-24","SAC","GSW","27:31",57,12,5,6,0.8333333333333334,0,0,0,0,2,6,4,0,0,0.6,0.6,0,0,0.5084666666666667,0.8333333333333334,1,0,0,0,0,0,11.666666666666668
"2017-03-26","SAC","LAC","33:03",63,8,4,6,0.6666666666666666,0,0,0,0,0,6,2,0,0,0.75,1,0,0,0.49321666666666664,0.6666666666666666,0.6666666666666666,2,0,0,0,0,11.428571428571429
"2017-03-27","SAC","MEM","33:09",56,12,3,6,0.5,0,0,0,0,6,6,0,0,0,1,1,0,0,0.5720166666666667,0.5,0.6666666666666666,0,0,0,0,0,16.39344262295082
"2017-03-29","SAC","UTA","28:55",54,7,3,9,0.3333333333333333,0,0,0,0,1,6,0,0,0,1,1,0,0,0.46038888888888896,0.3333333333333333,0.35,0,1,0.1111111111111111,0,0,18.965517241379313
"2017-03-31","SAC","NOP","34:13",71,11,5,8,0.625,0,0,0,0,1,4,6,0,0,0.4,0.6666666666666666,0,0,0.5896625,0.625,0.6111111111111112,4,0,0,0,0,14.634146341463415
"2017-04-01","SAC","MIN","27:25",58,15,5,9,0.5555555555555556,0,0,0,0,5,6,4,0,0,0.6,0.75,0,0,0.5169333333333334,0.5555555555555556,0.625,2,0,0,0,0,21.311475409836067
"2017-04-04","SAC","DAL","33:50",68,12,6,12,0.5,0,0,0,0,0,4,8,0,0,0.3333333333333333,0.6666666666666666,0,0,0.5052583333333334,0.5,0.5,6,1,0.08333333333333333,0,0,15
"2017-04-07","SAC","LAL","22:53",41,14,6,11,0.5454545454545454,0,0,0,0,2,8,4,0,0,0.6666666666666666,0.8,0,0,0.6111727272727273,0.5454545454545454,0.5384615384615384,2,1,0.09090909090909091,0,0,29.787234042553195
"2017-04-09","SAC","HOU","25:02",57,16,6,12,0.5,0,0,0,0,4,10,2,0,0,0.8333333333333334,1,0,0,0.5400833333333334,0.5,0.5714285714285714,2,0,0,0,0,22.950819672131146
"2017-04-11","SAC","PHX","20:35",44,13,6,12,0.5,0,0,0,0,1,8,4,0,0,0.6666666666666666,0.6666666666666666,0,0,0.4628083333333333,0.5,0.5,0,1,0.08333333333333333,0,0,29.787234042553195
"2017-04-12","SAC","LAC","35:14",64,19,9,18,0.5,0,0,0,0,1,14,4,0,0,0.7777777777777778,0.7777777777777778,0,0,0.4525888888888889,0.5,0.5277777777777778,0,1,0.05555555555555555,0,0,28.985507246376812
"2017-10-18","SAC","HOU","31:38",67,21,10,15,0.6666666666666666,0,0,0,0,1,12,8,0,0,0.6,0.75,0,0,0.5030933333333334,0.6666666666666666,0.65625,4,0,0,0,0,22.36842105263158
"2017-10-20","SAC","DAL","26:51",51,10,4,6,0.6666666666666666,0,1,0,0,2,4,4,0,0,0.5,0.5,0,0.14285714285714285,0.45246666666666663,0.5714285714285714,0.625,0,1,0.16666666666666666,0,0,13.114754098360656
"2017-10-21","SAC","DEN","26:32",49,2,1,5,0.2,0,0,0,0,0,2,0,0,0,1,1,0,0,0.38664,0.2,0.16666666666666666,0,0,0,0,0,10.909090909090908
"2017-10-23","SAC","PHX","28:10",62,11,5,8,0.625,0,0,0,0,1,8,2,0,0,0.8,0.8,0,0,0.4322625,0.625,0.6111111111111112,0,1,0.125,0,0,15.714285714285715
"2017-10-26","SAC","NOP","29:42",59,12,5,9,0.5555555555555556,0,0,0,0,2,8,2,0,0,0.8,0.8,0,0,0.4608555555555556,0.5555555555555556,0.6,0,0,0,0,0,16.39344262295082
"2017-10-29","SAC","WAS","24:25",49,6,2,6,0.3333333333333333,0,0,0,0,2,0,4,0,0,0,0,0,0,0.44649999999999995,0.3333333333333333,0.42857142857142855,2,0,0,0,0,14.814814814814813
"2017-10-31","SAC","IND","22:38",42,4,1,3,0.3333333333333333,0,0,0,0,2,0,2,0,0,0,0,0,0,0.501,0.3333333333333333,0.5,0,0,0,0,0,12.244897959183673
"2017-11-01","SAC","BOS","19:11",35,2,1,4,0.25,0,0,0,0,0,2,0,0,0,1,1,0,0,0.44125,0.25,0.25,0,1,0.25,0,0,15
"2017-11-04","SAC","DET","19:03",38,8,4,6,0.6666666666666666,0,0,0,0,0,6,2,0,0,0.75,0.75,0,0,0.5120166666666667,0.6666666666666666,0.6666666666666666,0,0,0,0,0,18.42105263157895
"2017-11-07","SAC","OKC","21:04",43,7,2,4,0.5,0,0,0,0,3,4,0,0,0,1,1,0,0,0.543275,0.5,0.7,0,0,0,0,0,14.583333333333334
"2017-11-09","SAC","PHI","24:28",51,15,6,11,0.5454545454545454,0,0,0,0,3,10,2,0,0,0.8333333333333334,0.8333333333333334,0,0,0.40864545454545453,0.5454545454545454,0.5769230769230769,0,1,0.09090909090909091,0,0,20.33898305084746
"2017-11-11","SAC","NYK","16:40",32,5,2,6,0.3333333333333333,0,0,0,0,1,0,4,0,0,0,0,0,0,0.45764999999999995,0.3333333333333333,0.35714285714285715,0,1,0.16666666666666666,0,0,23.52941176470588
"2017-11-13","SAC","WAS","23:21",43,6,3,11,0.2727272727272727,0,1,0,0,0,2,4,0,0,0.3333333333333333,0.3333333333333333,0,0.08333333333333333,0.43645,0.25,0.25,0,0,0,0,0,29.41176470588235
"2017-11-15","SAC","ATL","20:43",40,6,2,6,0.3333333333333333,0,0,0,0,2,4,0,0,0,1,1,0,0,0.43923333333333336,0.3333333333333333,0.42857142857142855,0,1,0.16666666666666666,0,0,17.02127659574468
"2017-11-17","SAC","POR","31:13",58,22,9,17,0.5294117647058824,0,0,0,0,4,12,6,0,0,0.6666666666666666,1,0,0,0.45278823529411766,0.5294117647058824,0.55,6,0,0,0,0,31.818181818181817
"2017-11-18","SAC","POR","32:35",65,18,5,12,0.4166666666666667,1,1,1,1,5,6,4,3,0,0.6,0.6,1,0.07692307692307693,0.4630115384615384,0.5,0.6,0,1,0.08333333333333333,0,0,24.65753424657534
"2017-11-20","SAC","DEN","22:45",44,2,1,7,0.14285714285714285,0,0,0,0,0,2,0,0,0,1,1,0,0,0.46714285714285714,0.14285714285714285,0.14285714285714285,0,1,0.14285714285714285,0,0,16
"2017-11-22","SAC","LAL","28:09",57,26,10,13,0.7692307692307693,0,1,0,0,6,18,2,0,0,0.9,0.9,0,0.07142857142857142,0.5730000000000001,0.7142857142857143,0.7647058823529411,0,1,0.07692307692307693,0,0,30.64516129032258
"2017-11-25","SAC","LAC","29:55",56,9,4,10,0.4,0,0,0,0,1,8,0,0,0,1,1,0,0,0.44438000000000005,0.4,0.45,0,0,0,0,0,19.047619047619047
"2017-11-27","SAC","GSW","29:19",55,19,8,9,0.8888888888888888,0,0,0,0,3,12,4,0,0,0.75,0.8571428571428571,0,0,0.48172222222222216,0.8888888888888888,0.95,2,0,0,0,0,19.35483870967742
"2017-11-28","SAC","MIL","24:24",48,10,5,9,0.5555555555555556,0,1,0,0,0,4,6,0,0,0.4,0.4,0,0.1,0.4353666666666667,0.5,0.45454545454545453,0,2,0.2222222222222222,0,0,26.785714285714285
"2017-12-01","SAC","CHI","23:52",45,10,5,9,0.5555555555555556,0,0,0,0,0,4,6,0,0,0.4,0.5,0,0,0.5455222222222222,0.5555555555555556,0.5555555555555556,2,0,0,0,0,19.23076923076923
"2017-12-02","SAC","MIL","08:44",19,3,1,3,0.3333333333333333,0,0,0,0,1,0,2,0,0,0,0,0,0,0.49219999999999997,0.3333333333333333,0.375,0,2,0.6666666666666666,0,0,30
"2017-12-12","SAC","PHX","29:32",55,13,5,12,0.4166666666666667,0,0,0,0,3,8,2,0,0,0.8,0.8,0,0,0.48680833333333334,0.4166666666666667,0.43333333333333335,0,1,0.08333333333333333,0,0,22.727272727272727
"2017-12-14","SAC","MIN","19:33",33,9,3,10,0.3,0,0,0,0,3,4,2,0,0,0.6666666666666666,0.6666666666666666,0,0,0.5136499999999999,0.3,0.375,0,3,0.3,0,0,30.232558139534884
"2017-12-17","SAC","TOR","33:23",64,12,5,9,0.5555555555555556,0,0,0,0,2,10,0,0,0,1,1,0,0,0.48652222222222224,0.5555555555555556,0.6,0,2,0.2222222222222222,0,0,16.176470588235293
"2017-12-19","SAC","PHI","29:36",59,9,3,10,0.3,0,0,0,0,3,6,0,0,0,1,1,0,0,0.5034,0.3,0.34615384615384615,0,1,0.1,0,0,23.4375
"2017-12-20","SAC","BKN","30:45",54,13,5,9,0.5555555555555556,0,0,0,0,3,8,2,0,0,0.8,0.8,0,0,0.42633333333333334,0.5555555555555556,0.5909090909090909,0,0,0,0,0,20.3125
"2017-12-23","SAC","SAS","31:06",59,22,10,18,0.5555555555555556,0,0,0,0,2,6,14,0,0,0.3,0.42857142857142855,0,0,0.46549999999999997,0.5555555555555556,0.5789473684210527,6,0,0,0,0,30.769230769230766
"2017-12-26","SAC","LAC","25:18",51,17,8,10,0.8,0,0,0,0,1,14,2,0,0,0.875,0.875,0,0,0.63527,0.8,0.7727272727272727,0,1,0.1,0,0,22.80701754385965
"2017-12-27","SAC","CLE","35:50",67,17,8,14,0.5714285714285714,0,0,0,0,1,14,2,0,0,0.875,0.875,0,0,0.4693,0.5714285714285714,0.5666666666666667,0,1,0.07142857142857142,0,0,21.126760563380284
"2017-12-29","SAC","PHX","30:40",58,11,4,10,0.4,0,0,0,0,3,6,2,0,0,0.75,0.75,0,0,0.44616,0.4,0.4583333333333333,0,2,0.2,0,0,18.46153846153846
"2017-12-31","SAC","MEM","28:50",57,21,8,14,0.5714285714285714,0,0,0,0,5,12,4,0,0,0.75,0.75,0,0,0.4749214285714286,0.5714285714285714,0.5833333333333334,0,1,0.07142857142857142,0,0,31.746031746031747
"2018-01-02","SAC","CHA","22:44",43,8,3,7,0.42857142857142855,0,0,0,0,2,4,2,0,0,0.6666666666666666,0.6666666666666666,0,0,0.4860428571428571,0.42857142857142855,0.4444444444444444,0,0,0,0,0,22
"2018-01-06","SAC","DEN","25:25",55,17,8,12,0.6666666666666666,0,0,0,0,1,10,6,0,0,0.625,0.625,0,0,0.5295333333333333,0.6666666666666666,0.6538461538461539,0,0,0,0,0,21.666666666666668
"2018-01-08","SAC","SAS","30:18",65,22,8,12,0.6666666666666666,0,0,0,0,6,8,8,0,0,0.5,0.5714285714285714,0,0,0.48885833333333334,0.6666666666666666,0.6875,2,1,0.08333333333333333,0,0,26.760563380281692
"2018-01-09","SAC","LAL","28:11",58,8,3,9,0.3333333333333333,0,1,0,0,2,0,6,0,0,0,0,0,0.1,0.424815,0.3,0.3076923076923077,0,0,0,0,0,20.8955223880597
"2018-01-11","SAC","LAC","23:09",51,12,6,8,0.75,0,0,0,0,0,10,2,0,0,0.8333333333333334,0.8333333333333334,0,0,0.59375,0.75,0.75,0,0,0,0,0,16.9811320754717
"2018-01-13","SAC","LAC","32:31",70,23,9,15,0.6,1,1,1,1,2,10,8,3,0,0.5555555555555556,0.625,1,0.0625,0.567946875,0.65625,0.6388888888888888,2,1,0.06666666666666667,0,0,25.64102564102564
"2018-01-15","SAC","OKC","39:52",82,15,6,12,0.5,0,1,0,0,3,10,2,0,0,0.8333333333333334,0.8333333333333334,0,0.07692307692307693,0.4829038461538462,0.46153846153846156,0.46875,0,2,0.16666666666666666,0,0,22.47191011235955
"2018-01-17","SAC","UTA","36:52",68,26,11,17,0.6470588235294118,0,1,0,0,4,10,12,0,0,0.45454545454545453,0.5,0,0.05555555555555555,0.4889823529411764,0.6111111111111112,0.6190476190476191,2,0,0,0,0,32.432432432432435
"2018-01-19","SAC","MEM","26:39",50,7,2,10,0.2,0,0,0,0,3,4,0,0,0,1,1,0,0,0.55538,0.2,0.2916666666666667,0,1,0.1,0,0,26.785714285714285
"2018-01-22","SAC","CHA","37:01",78,11,5,19,0.2631578947368421,0,1,0,0,1,8,2,0,0,0.8,0.8,0,0.05,0.4402075,0.25,0.2619047619047619,0,4,0.21052631578947367,0,0,24.41860465116279
"2018-01-23","SAC","ORL","32:43",64,21,9,18,0.5,0,0,0,0,3,12,6,0,0,0.6666666666666666,0.6666666666666666,0,0,0.5229,0.5,0.525,0,1,0.05555555555555555,0,0,27.63157894736842
"2018-01-25","SAC","MIA","31:03",60,9,3,8,0.375,0,0,0,0,3,6,0,0,0,1,1,0,0,0.4026625,0.375,0.4090909090909091,0,2,0.25,0,0,18.46153846153846
"2018-02-02","SAC","GSW","34:53",76,13,6,11,0.5454545454545454,0,0,0,0,1,4,8,0,0,0.3333333333333333,0.5,0,0,0.5392363636363636,0.5454545454545454,0.5416666666666666,4,1,0.09090909090909091,0,0,15.853658536585368
"2018-02-03","SAC","DAL","31:06",58,14,7,12,0.5833333333333334,0,0,0,0,0,10,4,0,0,0.7142857142857143,0.7142857142857143,0,0,0.5099916666666667,0.5833333333333334,0.5833333333333334,0,0,0,0,0,21.875
"2018-02-05","SAC","CHI","16:48",33,7,3,7,0.42857142857142855,0,0,0,0,1,6,0,0,0,1,1,0,0,0.49134285714285714,0.42857142857142855,0.4375,0,0,0,0,0,21.951219512195124
"2018-02-09","SAC","POR","30:33",61,19,8,14,0.5714285714285714,0,0,0,0,3,12,4,0,0,0.75,0.8571428571428571,0,0,0.5107285714285714,0.5714285714285714,0.59375,2,0,0,0,0,25
"2018-02-11","SAC","MIN","26:28",55,10,4,8,0.5,0,0,0,0,2,6,2,0,0,0.75,0.75,0,0,0.5311875,0.5,0.5555555555555556,0,1,0.125,0,0,20
"2018-02-13","SAC","DAL","28:23",55,10,4,8,0.5,0,0,0,0,2,2,6,0,0,0.25,0.3333333333333333,0,0,0.5649375,0.5,0.5,2,0,0,0,0,16.39344262295082
"2018-02-14","SAC","HOU","28:05",60,12,6,16,0.375,0,0,0,0,0,12,0,0,0,1,1,0,0,0.55845625,0.375,0.35294117647058826,0,2,0.125,0,0,28.125
"2018-02-22","SAC","OKC","22:04",43,9,4,12,0.3333333333333333,0,0,0,0,1,4,4,0,0,0.5,0.6666666666666666,0,0,0.4607666666666667,0.3333333333333333,0.34615384615384615,2,3,0.25,0,0,25
"2018-02-24","SAC","LAL","37:00",72,18,6,14,0.42857142857142855,0,0,0,0,6,8,4,0,0,0.6666666666666666,0.8,0,0,0.5057785714285714,0.42857142857142855,0.47368421052631576,2,4,0.2857142857142857,0,0,24.137931034482758
"2018-02-26","SAC","MIN","29:30",57,17,7,13,0.5384615384615384,0,0,0,0,3,10,4,0,0,0.7142857142857143,0.8333333333333334,0,0,0.4951923076923077,0.5384615384615384,0.6071428571428571,2,2,0.15384615384615385,0,0,25.806451612903228
"2018-02-27","SAC","POR","31:01",64,17,8,13,0.6153846153846154,0,0,0,0,1,8,8,0,0,0.5,0.6666666666666666,0,0,0.5180615384615385,0.6153846153846154,0.6538461538461539,4,1,0.07692307692307693,0,0,21.126760563380284
"2018-03-01","SAC","BKN","34:33",71,17,7,14,0.5,0,0,0,0,3,10,4,0,0,0.7142857142857143,0.8333333333333334,0,0,0.44666428571428574,0.5,0.53125,2,0,0,0,0,22.36842105263158
"2018-03-11","SAC","DEN","30:15",60,12,3,10,0.3,1,1,1,1,3,2,4,3,0,0.3333333333333333,0.5,1,0.09090909090909091,0.4644045454545455,0.4090909090909091,0.46153846153846156,2,2,0.2,0,0,19.696969696969695
"2018-03-12","SAC","OKC","28:39",56,9,4,7,0.5714285714285714,0,0,0,0,1,6,2,0,0,0.75,0.75,0,0,0.6320428571428571,0.5714285714285714,0.5625,0,0,0,0,0,15.625
"2018-03-14","SAC","MIA","36:21",72,10,3,9,0.3333333333333333,0,1,0,0,4,0,6,0,0,0,0,0,0.1,0.480765,0.3,0.4166666666666667,0,1,0.1111111111111111,0,0,17.94871794871795
"2018-03-16","SAC","GSW","26:13",51,9,4,7,0.5714285714285714,0,0,0,0,1,6,2,0,0,0.75,1,0,0,0.5163857142857143,0.5714285714285714,0.5625,2,0,0,0,0,15.517241379310345
"2018-03-17","SAC","UTA","29:28",59,9,3,9,0.3333333333333333,0,0,0,0,3,6,0,0,0,1,1,0,0,0.48255555555555557,0.3333333333333333,0.4090909090909091,0,2,0.2222222222222222,0,0,17.1875
"2018-03-19","SAC","DET","30:38",60,9,4,8,0.5,0,0,0,0,1,6,2,0,0,0.75,0.75,0,0,0.5126,0.5,0.5,0,1,0.125,0,0,15.384615384615383
"2018-03-22","SAC","ATL","19:11",41,2,1,5,0.2,0,0,0,0,0,0,2,0,0,0,0,0,0,0.42417999999999995,0.2,0.2,0,1,0.2,0,0,13.953488372093023
"2018-03-25","SAC","BOS","32:39",63,14,4,14,0.2857142857142857,0,0,0,0,6,6,2,0,0,0.75,0.75,0,0,0.46695714285714285,0.2857142857142857,0.4117647058823529,0,0,0,0,0,27.142857142857146
"2018-03-27","SAC","DAL","24:52",48,13,5,5,1,0,0,0,0,3,4,6,0,0,0.4,0.5,0,0,0.43601999999999996,1,0.8125,2,0,0,0,0,20.754716981132074
"2018-03-29","SAC","IND","26:38",51,19,9,11,0.8181818181818182,0,0,0,0,1,14,4,0,0,0.7777777777777778,0.7777777777777778,0,0,0.5289909090909091,0.8181818181818182,0.8636363636363636,0,2,0.18181818181818182,0,0,25.454545454545453
"2018-03-31","SAC","GSW","24:24",46,12,6,11,0.5454545454545454,0,0,0,0,0,12,0,0,0,1,1,0,0,0.4863909090909091,0.5454545454545454,0.5454545454545454,0,2,0.18181818181818182,0,0,22.641509433962263
"2018-04-01","SAC","LAL","19:52",39,11,5,8,0.625,0,0,0,0,1,8,2,0,0,0.8,1,0,0,0.5975375,0.625,0.6111111111111112,2,1,0.125,0,0,27.272727272727273
"2018-04-03","SAC","PHX","37:03",78,18,8,17,0.47058823529411764,0,0,0,0,2,14,2,0,0,0.875,1,0,0,0.5820647058823529,0.47058823529411764,0.47368421052631576,2,2,0.11764705882352941,0,0,22.727272727272727
"2018-04-06","SAC","MEM","32:41",62,18,9,14,0.6428571428571429,0,0,0,0,0,12,6,0,0,0.6666666666666666,0.6666666666666666,0,0,0.6272928571428571,0.6428571428571429,0.6428571428571429,0,2,0.14285714285714285,0,0,22.058823529411764
"2018-04-09","SAC","SAS","37:52",69,25,10,20,0.5,0,0,0,0,5,14,6,0,0,0.7,0.7,0,0,0.486855,0.5,0.5208333333333334,0,2,0.1,0,0,31.25
"2018-04-11","SAC","HOU","30:24",59,22,9,12,0.75,0,0,0,0,4,12,6,0,0,0.6666666666666666,0.6666666666666666,0,0,0.5084583333333333,0.75,0.7333333333333333,0,0,0,0,0,25.396825396825395
"2018-10-17","SAC","UTA","38:25",84,23,10,15,0.6666666666666666,0,0,0,0,3,8,12,0,0,0.4,0.4444444444444444,0,0,0.45006666666666667,0.6666666666666666,0.6388888888888888,2,0,0,0,0,20
"2018-10-19","SAC","NOP","25:57",58,20,9,14,0.6428571428571429,0,0,0,0,2,10,8,0,0,0.5555555555555556,0.625,0,0,0.5318214285714286,0.6428571428571429,0.6666666666666666,2,1,0.07142857142857142,0,0,25.806451612903228
"2018-10-21","SAC","OKC","22:12",51,13,6,11,0.5454545454545454,0,0,0,0,1,10,2,0,0,0.8333333333333334,0.8333333333333334,0,0,0.5846636363636364,0.5454545454545454,0.5416666666666666,0,3,0.2727272727272727,0,0,22.413793103448278
"2018-10-23","SAC","DEN","23:33",48,11,5,7,0.7142857142857143,0,0,0,0,1,8,2,0,0,0.8,0.8,0,0,0.5053428571428571,0.7142857142857143,0.6875,0,0,0,0,0,14.545454545454545
"2018-10-24","SAC","MEM","35:18",74,15,6,14,0.42857142857142855,0,0,0,0,3,4,8,0,0,0.3333333333333333,0.4,0,0,0.46669285714285713,0.42857142857142855,0.46875,2,2,0.14285714285714285,0,0,20.689655172413794
"2018-10-26","SAC","WAS","32:44",73,17,7,15,0.4666666666666667,0,0,0,0,3,10,4,0,0,0.7142857142857143,0.7142857142857143,0,0,0.49248666666666663,0.4666666666666667,0.4722222222222222,0,4,0.26666666666666666,0,0,25.925925925925924
"2018-10-29","SAC","MIA","33:48",79,26,11,17,0.6470588235294118,0,0,0,0,4,20,2,0,0,0.9090909090909091,0.9090909090909091,0,0,0.5682411764705882,0.6470588235294118,0.65,0,3,0.17647058823529413,0,0,22.727272727272727
"2018-10-30","SAC","ORL","29:47",65,14,6,15,0.4,0,0,0,0,2,10,2,0,0,0.8333333333333334,0.8333333333333334,0,0,0.42256666666666665,0.4,0.4117647058823529,0,3,0.2,0,0,25.35211267605634
"2018-11-01","SAC","ATL","25:07",58,12,6,8,0.75,0,0,0,0,0,12,0,0,0,1,1,0,0,0.6359875,0.75,0.75,0,1,0.125,0,0,15.873015873015873
"2018-11-04","SAC","MIL","18:37",42,6,2,3,0.6666666666666666,0,0,0,0,2,2,2,0,0,0.5,1,0,0,0.5046666666666667,0.6666666666666666,0.5,2,0,0,0,0,19.565217391304348
"2018-11-07","SAC","TOR","33:29",74,24,10,15,0.6666666666666666,0,0,0,0,4,16,4,0,0,0.8,0.8,0,0,0.50902,0.6666666666666666,0.7058823529411765,0,2,0.13333333333333333,0,0,23.684210526315788
"2018-11-09","SAC","MIN","28:36",64,25,10,15,0.6666666666666666,1,1,1,1,2,14,6,3,0,0.7,0.7777777777777778,1,0.0625,0.550496875,0.71875,0.6944444444444444,2,0,0,0,0,25.675675675675677
"2018-11-10","SAC","LAL","25:56",56,12,6,14,0.42857142857142855,0,0,0,0,0,8,4,0,0,0.6666666666666666,0.8,0,0,0.5041571428571429,0.42857142857142855,0.42857142857142855,2,2,0.14285714285714285,0,0,26.5625
"2018-11-12","SAC","SAS","32:11",65,13,6,14,0.42857142857142855,0,0,0,0,1,10,2,0,0,0.8333333333333334,0.8333333333333334,0,0,0.49555714285714286,0.42857142857142855,0.43333333333333335,0,2,0.14285714285714285,0,0,21.73913043478261
"2018-11-16","SAC","MEM","34:49",71,11,5,9,0.5555555555555556,0,0,0,0,1,10,0,0,0,1,1,0,0,0.6767888888888889,0.5555555555555556,0.55,0,0,0,0,0,14.634146341463415
"2018-11-17","SAC","HOU","18:11",38,3,1,9,0.1111111111111111,0,0,0,0,1,2,0,0,0,1,1,0,0,0.4267888888888889,0.1111111111111111,0.15,0,3,0.3333333333333333,0,0,22
"2018-11-19","SAC","OKC","31:06",74,9,4,14,0.2857142857142857,0,0,0,0,1,6,2,0,0,0.75,1,0,0,0.4898571428571428,0.2857142857142857,0.3,2,1,0.07142857142857142,0,0,20.481927710843376
"2018-11-21","SAC","UTA","34:17",69,23,11,15,0.7333333333333333,0,0,0,0,1,20,2,0,0,0.9090909090909091,0.9090909090909091,0,0,0.54082,0.7333333333333333,0.71875,0,0,0,0,0,20.51282051282051
"2018-11-24","SAC","GSW","19:53",40,6,3,9,0.3333333333333333,0,0,0,0,0,4,2,0,0,0.6666666666666666,0.6666666666666666,0,0,0.4311111111111111,0.3333333333333333,0.3,0,1,0.1111111111111111,0,0,21.73913043478261
"2018-11-25","SAC","UTA","23:05",51,6,2,6,0.3333333333333333,0,0,0,0,2,4,0,0,0,1,1,0,0,0.4385333333333334,0.3333333333333333,0.42857142857142855,0,1,0.16666666666666666,0,0,14.814814814814813
"2018-11-29","SAC","LAC","30:28",64,17,8,13,0.6153846153846154,0,0,0,0,1,14,2,0,0,0.875,1,0,0,0.5556615384615384,0.6153846153846154,0.5666666666666667,2,0,0,0,0,23.684210526315788
"2018-12-01","SAC","IND","33:33",75,17,8,13,0.6153846153846154,0,0,0,0,1,10,6,0,0,0.625,0.7142857142857143,0,0,0.4891076923076923,0.6153846153846154,0.5666666666666667,2,0,0,0,0,20.454545454545453
"2018-12-04","SAC","PHX","18:41",40,6,3,5,0.6,0,0,0,0,0,6,0,0,0,1,1,0,0,0.58838,0.6,0.6,0,1,0.2,0,0,15.217391304347826
"2018-12-07","SAC","CLE","26:57",54,10,5,5,1,0,0,0,0,0,10,0,0,0,1,1,0,0,0.52252,1,0.8333333333333334,0,0,0,0,0,12.06896551724138
"2018-12-08","SAC","IND","30:34",61,14,6,14,0.42857142857142855,0,0,0,0,2,10,2,0,0,0.8333333333333334,1,0,0,0.5692928571428572,0.42857142857142855,0.4666666666666667,2,4,0.2857142857142857,0,0,23.61111111111111
"2018-12-10","SAC","CHI","27:27",57,11,5,11,0.45454545454545453,0,0,0,0,1,8,2,0,0,0.8,0.8,0,0,0.5705818181818182,0.45454545454545453,0.5,0,1,0.09090909090909091,0,0,19.047619047619047
"2018-12-12","SAC","MIN","29:43",63,14,5,9,0.5555555555555556,0,0,0,0,4,10,0,0,0,1,1,0,0,0.5590555555555556,0.5555555555555556,0.5384615384615384,0,1,0.1111111111111111,0,0,19.71830985915493
"2018-12-14","SAC","GSW","33:22",80,22,7,11,0.6363636363636364,0,0,0,0,8,14,0,0,0,1,1,0,0,0.5224636363636364,0.6363636363636364,0.6875,0,0,0,0,0,18.823529411764707
"2018-12-16","SAC","DAL","32:11",71,12,4,10,0.4,0,0,0,0,4,8,0,0,0,1,1,0,0,0.48061,0.4,0.5,0,1,0.1,0,0,16.883116883116884
"2018-12-17","SAC","MIN","07:11",15,1,0,0,0,0,0,0,0,1,0,0,0,0,0,0,0,0,0,0,0.5,0,0,0,0,0,5.555555555555555
"2018-12-19","SAC","OKC","31:43",75,13,6,9,0.6666666666666666,0,0,0,0,1,12,0,0,0,1,1,0,0,0.5540444444444445,0.6666666666666666,0.65,0,1,0.1111111111111111,0,0,14.814814814814813
"2018-12-21","SAC","MEM","36:41",71,12,5,9,0.5555555555555556,0,0,0,0,2,4,6,0,0,0.4,0.5,0,0,0.5429222222222223,0.5555555555555556,0.6,2,1,0.1111111111111111,0,0,12.195121951219512
"2018-12-23","SAC","NOP","35:17",79,22,10,19,0.5263157894736842,0,0,0,0,2,16,4,0,0,0.8,0.8888888888888888,0,0,0.5215,0.5263157894736842,0.55,2,1,0.05263157894736842,0,0,22.82608695652174
"2018-12-26","SAC","LAC","22:54",51,11,5,8,0.625,0,0,0,0,1,6,4,0,0,0.6,0.6,0,0,0.47475,0.625,0.6111111111111112,0,0,0,0,0,17.857142857142854
"2018-12-27","SAC","LAL","34:13",74,19,9,15,0.6,0,0,0,0,1,14,4,0,0,0.7777777777777778,0.7777777777777778,0,0,0.47575333333333336,0.6,0.6333333333333333,0,0,0,0,0,19.753086419753085
"2018-12-30","SAC","LAL","32:59",73,11,5,10,0.5,0,0,0,0,1,8,2,0,0,0.8,0.8,0,0,0.5592699999999999,0.5,0.55,0,1,0.1,0,0,15.789473684210526
"2019-01-01","SAC","POR","32:34",71,5,2,14,0.14285714285714285,0,0,0,0,1,0,4,0,0,0,0,0,0,0.4975428571428572,0.14285714285714285,0.16666666666666666,2,4,0.2857142857142857,0,0,16.853932584269664
"2019-01-03","SAC","DEN","29:57",61,13,5,10,0.5,0,0,0,0,3,10,0,0,0,1,1,0,0,0.5596300000000001,0.5,0.5416666666666666,0,1,0.1,0,0,20
"2019-01-05","SAC","GSW","31:32",62,14,6,13,0.46153846153846156,0,0,0,0,2,12,0,0,0,1,1,0,0,0.5218461538461538,0.46153846153846156,0.4666666666666667,0,1,0.07692307692307693,0,0,21.333333333333332
"2019-01-07","SAC","ORL","17:41",38,11,5,11,0.45454545454545453,0,0,0,0,1,8,2,0,0,0.8,1,0,0,0.5305545454545455,0.45454545454545453,0.4583333333333333,2,1,0.09090909090909091,0,0,34.146341463414636
"2019-01-08","SAC","PHX","31:25",70,15,6,11,0.5454545454545454,0,0,0,0,3,12,0,0,0,1,1,0,0,0.6113545454545455,0.5454545454545454,0.5,0,1,0.09090909090909091,0,0,18.75
"2019-01-10","SAC","DET","25:03",54,14,5,10,0.5,0,0,0,0,4,8,2,0,0,0.8,1,0,0,0.54374,0.5,0.5833333333333334,2,1,0.1,0,0,24.193548387096776
"2019-01-12","SAC","CHA","31:45",65,12,6,11,0.5454545454545454,0,0,0,0,0,10,2,0,0,0.8333333333333334,1,0,0,0.5214636363636364,0.5454545454545454,0.5454545454545454,2,2,0.18181818181818182,0,0,15.584415584415584
"2019-01-14","SAC","POR","29:21",63,12,4,10,0.4,0,0,0,0,4,8,0,0,0,1,1,0,0,0.5012,0.4,0.5,0,1,0.1,0,0,20.833333333333336
"2019-01-17","SAC","CHA","27:24",56,8,4,6,0.6666666666666666,0,0,0,0,0,6,2,0,0,0.75,0.75,0,0,0.6163333333333333,0.6666666666666666,0.6666666666666666,0,1,0.16666666666666666,0,0,11.940298507462686
"2019-01-19","SAC","DET","24:08",47,12,6,8,0.75,0,0,0,0,0,10,2,0,0,0.8333333333333334,1,0,0,0.4835875,0.75,0.75,2,1,0.125,0,0,14.285714285714285
"2019-01-21","SAC","BKN","27:10",58,12,6,8,0.75,0,0,0,0,0,8,4,0,0,0.6666666666666666,1,0,0,0.54245,0.75,0.75,4,0,0,0,0,12.307692307692307
"2019-01-22","SAC","TOR","24:37",53,10,4,5,0.8,0,0,0,0,2,6,2,0,0,0.75,0.75,0,0,0.54862,0.8,0.8333333333333334,0,0,0,0,0,10
"2019-01-25","SAC","MEM","30:40",61,11,5,9,0.5555555555555556,0,0,0,0,1,8,2,0,0,0.8,0.8,0,0,0.5991444444444444,0.5555555555555556,0.6111111111111112,0,1,0.1111111111111111,0,0,13.698630136986301
"2019-01-27","SAC","LAC","31:11",64,9,2,4,0.5,0,1,0,0,5,2,2,0,0,0.5,0.5,0,0.2,0.56305,0.4,0.5625,0,0,0,0,0,12.162162162162163
"2019-01-30","SAC","ATL","20:09",47,9,3,3,1,0,0,0,0,3,2,4,0,0,0.3333333333333333,0.5,0,0,0.5786666666666667,1,0.9,2,0,0,0,0,15.094339622641508
"2019-02-02","SAC","PHI","32:54",68,19,8,9,0.8888888888888888,0,0,0,0,3,14,2,0,0,0.875,0.875,0,0,0.5381888888888889,0.8888888888888888,0.8636363636363636,0,0,0,0,0,16.25
"2019-02-04","SAC","SAS","28:00",59,9,3,7,0.42857142857142855,0,0,0,0,3,6,0,0,0,1,1,0,0,0.4843,0.42857142857142855,0.45,0,1,0.14285714285714285,0,0,15.873015873015873
"2019-02-06","SAC","HOU","21:43",46,3,1,5,0.2,0,0,0,0,1,2,0,0,0,1,1,0,0,0.47382,0.2,0.21428571428571427,0,2,0.4,0,0,15.384615384615383
"2019-02-08","SAC","MIA","24:16",54,7,3,5,0.6,0,0,0,0,1,6,0,0,0,1,1,0,0,0.53228,0.6,0.5833333333333334,0,0,0,0,0,9.836065573770492
"2019-02-10","SAC","PHX","26:46",59,10,3,5,0.6,0,0,0,0,4,6,0,0,0,1,1,0,0,0.55852,0.6,0.5555555555555556,0,0,0,0,0,15.15151515151515
"2019-02-13","SAC","DEN","21:57",46,8,3,5,0.6,0,0,0,0,2,4,2,0,0,0.6666666666666666,1,0,0,0.56838,0.6,0.6666666666666666,2,0,0,0,0,13.72549019607843
"2019-02-21","SAC","GSW","27:33",64,10,4,6,0.6666666666666666,0,0,0,0,2,8,0,0,0,1,1,0,0,0.5842833333333334,0.6666666666666666,0.625,0,1,0.16666666666666666,0,0,12.5
"2019-02-23","SAC","OKC","29:42",70,10,5,9,0.5555555555555556,0,0,0,0,0,10,0,0,0,1,1,0,0,0.6574777777777778,0.5555555555555556,0.5555555555555556,0,0,0,0,0,11.842105263157894
"2019-02-25","SAC","MIN","12:45",29,4,2,4,0.5,0,0,0,0,0,4,0,0,0,1,1,0,0,0.5624,0.5,0.5,0,0,0,0,0,16.129032258064516
"2019-02-27","SAC","MIL","32:04",70,10,4,10,0.4,0,0,0,0,2,6,2,0,0,0.75,1,0,0,0.51085,0.4,0.4166666666666667,2,2,0.2,0,0,15.853658536585368
"2019-03-01","SAC","LAC","31:26",63,16,7,11,0.6363636363636364,0,0,0,0,2,10,4,0,0,0.7142857142857143,0.8333333333333334,0,0,0.5206999999999999,0.6363636363636364,0.6666666666666666,2,1,0.09090909090909091,0,0,18.84057971014493
"2019-03-04","SAC","NYK","25:51",58,9,3,8,0.375,0,0,0,0,3,6,0,0,0,1,1,0,0,0.533875,0.375,0.45,0,2,0.25,0,0,15.873015873015873
"2019-03-06","SAC","BOS","26:41",58,19,8,9,0.8888888888888888,0,0,0,0,3,14,2,0,0,0.875,0.875,0,0,0.5795777777777777,0.8888888888888888,0.8636363636363636,0,0,0,0,0,22.033898305084747
"2019-03-09","SAC","NYK","28:42",58,7,3,7,0.42857142857142855,0,0,0,0,1,2,4,0,0,0.3333333333333333,0.5,0,0,0.5885714285714286,0.42857142857142855,0.4375,2,0,0,0,0,12.698412698412698
"2019-03-11","SAC","WAS","26:27",61,10,5,9,0.5555555555555556,0,0,0,0,0,8,2,0,0,0.8,1,0,0,0.6196111111111111,0.5555555555555556,0.5,2,0,0,0,0,15.15151515151515
"2019-03-14","SAC","BOS","28:41",65,10,5,7,0.7142857142857143,0,0,0,0,0,8,2,0,0,0.8,1,0,0,0.6811428571428572,0.7142857142857143,0.625,2,0,0,0,0,11.428571428571429
"2019-03-15","SAC","PHI","29:37",64,13,6,7,0.8571428571428571,0,0,0,0,1,8,4,0,0,0.6666666666666666,0.6666666666666666,0,0,0.5568714285714286,0.8571428571428571,0.8125,0,1,0.14285714285714285,0,0,12.121212121212121
"2019-03-17","SAC","CHI","19:54",41,9,4,7,0.5714285714285714,0,0,0,0,1,4,4,0,0,0.5,0.5,0,0,0.4247142857142857,0.5714285714285714,0.5625,0,2,0.2857142857142857,0,0,20
"2019-03-19","SAC","BKN","19:00",43,7,3,6,0.5,0,0,0,0,1,4,2,0,0,0.6666666666666666,0.6666666666666666,0,0,0.49205000000000004,0.5,0.5,0,1,0.16666666666666666,0,0,16
"2019-03-21","SAC","DAL","31:59",66,10,5,8,0.625,0,0,0,0,0,6,4,0,0,0.6,0.75,0,0,0.55105,0.625,0.625,2,1,0.125,0,0,12.5
"2019-03-23","SAC","PHX","17:41",35,3,1,1,1,0,0,0,0,1,2,0,0,0,1,1,0,0,0.7587,1,0.75,0,0,0,0,0,10.256410256410255
"2019-03-24","SAC","LAL","17:12",41,10,5,8,0.625,0,0,0,0,0,8,2,0,0,0.8,1,0,0,0.510425,0.625,0.5555555555555556,2,1,0.125,0,0,19.148936170212767
"2019-03-26","SAC","DAL","29:47",58,16,7,8,0.875,0,0,0,0,2,14,0,0,0,1,1,0,0,0.5610125,0.875,0.8888888888888888,0,0,0,0,0,12.5
"2019-03-28","SAC","NOP","34:32",77,18,7,9,0.7777777777777778,0,0,0,0,4,10,4,0,0,0.7142857142857143,1,0,0,0.5759444444444445,0.7777777777777778,0.8181818181818182,4,1,0.1111111111111111,0,0,13.580246913580247
"2019-03-30","SAC","HOU","24:10",48,6,3,6,0.5,0,0,0,0,0,4,2,0,0,0.6666666666666666,0.6666666666666666,0,0,0.48865000000000003,0.5,0.42857142857142855,0,0,0,0,0,14.814814814814813
"2019-03-31","SAC","SAS","29:46",58,17,6,9,0.6666666666666666,0,0,0,0,5,6,6,0,0,0.5,0.5,0,0,0.4582333333333334,0.6666666666666666,0.7727272727272727,0,0,0,0,0,20.3125
"2019-04-02","SAC","HOU","20:37",42,2,1,7,0.14285714285714285,0,0,0,0,0,0,2,0,0,0,0,0,0,0.4205857142857143,0.14285714285714285,0.14285714285714285,0,0,0,0,0,15.909090909090908
"2019-04-04","SAC","CLE","30:51",61,8,4,4,1,0,0,0,0,0,8,0,0,0,1,1,0,0,0.54115,1,1,0,0,0,0,0,6.25
"2019-04-07","SAC","NOP","19:14",44,9,3,7,0.42857142857142855,0,0,0,0,3,4,2,0,0,0.6666666666666666,1,0,0,0.5286857142857143,0.42857142857142855,0.5,2,2,0.2857142857142857,0,0,17.647058823529413
"2019-04-10","SAC","POR","17:20",37,8,3,3,1,0,0,0,0,2,6,0,0,0,1,1,0,0,0.6699333333333333,1,1,0,0,0,0,0,10
"2019-10-30","GSW","PHX","12:19",27,12,5,5,1,0,0,0,0,2,6,4,0,0,0.6,1,0,0,0.62956,1,1,4,0,0,0,0,20
"2019-11-01","GSW","SAS","17:01",34,6,3,7,0.42857142857142855,0,0,0,0,0,6,0,0,0,1,1,0,0,0.4784428571428571,0.42857142857142855,0.42857142857142855,0,1,0.14285714285714285,0,0,19.444444444444446
"2019-11-02","GSW","CHA","21:13",38,8,4,7,0.5714285714285714,0,0,0,0,0,6,2,0,0,0.75,0.75,0,0,0.5587857142857143,0.5714285714285714,0.5714285714285714,0,0,0,0,0,17.073170731707318
"2019-11-04","GSW","POR","15:30",29,10,4,5,0.8,0,0,0,0,2,8,0,0,0,1,1,0,0,0.53306,0.8,0.8333333333333334,0,0,0,0,0,21.21212121212121
"2019-11-06","GSW","HOU","19:59",39,4,1,6,0.16666666666666666,0,0,0,0,2,2,0,0,0,1,1,0,0,0.47426666666666667,0.16666666666666666,0.2857142857142857,0,4,0.6666666666666666,0,0,14.893617021276597
"2019-11-08","GSW","MIN","24:52",52,4,2,5,0.4,0,0,0,0,0,2,2,0,0,0.5,1,0,0,0.58612,0.4,0.4,2,0,0,0,0,12.499999999999998
"2019-11-09","GSW","OKC","23:32",47,10,5,9,0.5555555555555556,0,0,0,0,0,10,0,0,0,1,1,0,0,0.4464444444444444,0.5555555555555556,0.5555555555555556,0,1,0.1111111111111111,0,0,25
"2019-11-11","GSW","UTA","26:14",54,8,4,7,0.5714285714285714,0,0,0,0,0,6,2,0,0,0.75,1,0,0,0.5467857142857143,0.5714285714285714,0.5,2,1,0.14285714285714285,0,0,15.517241379310345
"2019-11-13","GSW","LAL","22:42",49,10,5,7,0.7142857142857143,0,0,0,0,0,10,0,0,0,1,1,0,0,0.5396571428571428,0.7142857142857143,0.7142857142857143,0,0,0,0,0,12.06896551724138
"2019-11-15","GSW","BOS","25:04",53,10,5,6,0.8333333333333334,0,0,0,0,0,8,2,0,0,0.8,0.8,0,0,0.57435,0.8333333333333334,0.8333333333333334,0,0,0,0,0,12.499999999999998
"2019-11-17","GSW","NOP","24:39",50,9,4,5,0.8,0,0,0,0,1,4,4,0,0,0.5,0.5,0,0,0.5391600000000001,0.8,0.9,0,1,0.2,0,0,8.928571428571427
"2019-11-19","GSW","MEM","26:21",55,6,2,3,0.6666666666666666,0,0,0,0,2,2,2,0,0,0.5,0.5,0,0,0.6858333333333334,0.6666666666666666,0.75,0,0,0,0,0,8.620689655172415
"2019-11-20","GSW","DAL","25:29",54,7,3,7,0.42857142857142855,0,0,0,0,1,4,2,0,0,0.6666666666666666,0.6666666666666666,0,0,0.5284571428571428,0.42857142857142855,0.4375,0,0,0,0,0,13.793103448275863
"2019-11-22","GSW","UTA","28:03",56,2,1,4,0.25,0,0,0,0,0,2,0,0,0,1,1,0,0,0.484275,0.25,0.25,0,1,0.25,0,0,11.864406779661017
"2019-11-25","GSW","OKC","29:24",59,4,2,7,0.2857142857142857,0,0,0,0,0,4,0,0,0,1,1,0,0,0.40194285714285716,0.2857142857142857,0.2857142857142857,0,1,0.14285714285714285,0,0,10.144927536231885
"2019-11-27","GSW","CHI","16:36",34,3,0,5,0,0,0,0,0,3,0,0,0,0,0,0,0,0,0.49582,0,0.21428571428571427,0,0,0,0,0,23.80952380952381
"2019-11-29","GSW","MIA","24:01",47,14,7,10,0.7,0,0,0,0,0,10,4,0,0,0.7142857142857143,0.8333333333333334,0,0,0.59986,0.7,0.7,2,0,0,0,0,21.56862745098039
"2019-12-01","GSW","ORL","24:03",44,11,5,10,0.5,0,0,0,0,1,6,4,0,0,0.6,0.75,0,0,0.48829,0.5,0.5,2,1,0.1,0,0,24
"2019-12-02","GSW","ATL","19:14",36,4,2,4,0.5,0,0,0,0,0,2,2,0,0,0.5,0.5,0,0,0.561175,0.5,0.5,0,0,0,0,0,12.5
"2019-12-04","GSW","CHA","17:57",35,8,3,4,0.75,0,0,0,0,2,4,2,0,0,0.6666666666666666,1,0,0,0.557625,0.75,0.6666666666666666,2,0,0,0,0,18.91891891891892
"2019-12-06","GSW","CHI","24:15",46,10,5,8,0.625,0,0,0,0,0,8,2,0,0,0.8,0.8,0,0,0.5654125,0.625,0.5555555555555556,0,0,0,0,0,20
"2019-12-09","GSW","MEM","24:16",55,17,6,9,0.6666666666666666,0,0,0,0,5,10,2,0,0,0.8333333333333334,0.8333333333333334,0,0,0.5422333333333333,0.6666666666666666,0.7083333333333334,0,0,0,0,0,21.311475409836067
"2019-12-11","GSW","NYK","22:21",47,7,3,7,0.42857142857142855,0,0,0,0,1,4,2,0,0,0.6666666666666666,0.6666666666666666,0,0,0.4825285714285714,0.42857142857142855,0.4375,0,1,0.14285714285714285,0,0,15.686274509803921
"2019-12-13","GSW","UTA","23:24",46,0,0,4,0,0,0,0,0,0,0,0,0,0,0,0,0,0,0.429275,0,0,0,0,0,0,0,9.433962264150942
"2019-12-15","GSW","SAC","29:43",57,14,7,9,0.7777777777777778,0,0,0,0,0,14,0,0,0,1,1,0,0,0.5737111111111112,0.7777777777777778,0.7777777777777778,0,0,0,0,0,19.672131147540984
"2019-12-18","GSW","POR","22:36",46,12,6,8,0.75,0,0,0,0,0,4,8,0,0,0.3333333333333333,0.6666666666666666,0,0,0.6866375,0.75,0.6666666666666666,6,0,0,0,0,18.867924528301884
"2019-12-20","GSW","NOP","27:40",56,8,3,6,0.5,0,0,0,0,2,6,0,0,0,1,1,0,0,0.5317333333333333,0.5,0.5714285714285714,0,1,0.16666666666666666,0,0,12.307692307692307
"2019-12-23","GSW","MIN","30:16",64,12,6,8,0.75,0,0,0,0,0,12,0,0,0,1,1,0,0,0.5534125,0.75,0.75,0,0,0,0,0,11.267605633802818
"2019-12-25","GSW","HOU","31:28",68,10,5,7,0.7142857142857143,0,0,0,0,0,6,4,0,0,0.6,0.6,0,0,0.49691428571428575,0.7142857142857143,0.7142857142857143,0,0,0,0,0,10.95890410958904
"2019-12-27","GSW","PHX","25:03",52,9,4,6,0.6666666666666666,0,0,0,0,1,8,0,0,0,1,1,0,0,0.5302166666666667,0.6666666666666666,0.6428571428571429,0,0,0,0,0,11.666666666666668
"2019-12-28","GSW","DAL","18:42",40,4,2,5,0.4,0,0,0,0,0,4,0,0,0,1,1,0,0,0.49016000000000004,0.4,0.4,0,1,0.2,0,0,16.27906976744186
"2020-01-04","GSW","DET","14:10",29,5,2,5,0.4,0,0,0,0,1,2,2,0,0,0.5,0.5,0,0,0.4239,0.4,0.4166666666666667,0,0,0,0,0,23.333333333333336
"2020-01-06","GSW","SAC","26:16",57,8,4,8,0.5,0,0,0,0,0,2,6,0,0,0.25,0.25,0,0,0.493725,0.5,0.5,0,1,0.125,0,0,12.698412698412698
"2020-01-08","GSW","MIL","20:54",46,10,4,6,0.6666666666666666,0,0,0,0,2,6,2,0,0,0.75,1,0,0,0.5175,0.6666666666666666,0.7142857142857143,2,0,0,0,0,13.72549019607843
"2020-01-10","GSW","LAC","16:13",35,4,2,3,0.6666666666666666,0,0,0,0,0,4,0,0,0,1,1,0,0,0.5821999999999999,0.6666666666666666,0.5,0,0,0,0,0,9.523809523809524
"2020-01-12","GSW","MEM","16:58",39,1,0,5,0,0,0,0,0,1,0,0,0,0,0,0,0,0,0.46116,0,0.08333333333333333,0,0,0,0,0,20.454545454545453
"2020-01-14","GSW","DAL","17:38",34,8,3,5,0.6,0,0,0,0,2,6,0,0,0,1,1,0,0,0.5199,0.6,0.6666666666666666,0,0,0,0,0,16.216216216216218
"2020-01-16","GSW","DEN","33:10",67,10,4,5,0.8,0,0,0,0,2,8,0,0,0,1,1,0,0,0.499,0.8,0.8333333333333334,0,0,0,0,0,9.333333333333334
"2020-01-18","GSW","ORL","25:03",50,10,5,5,1,0,0,0,0,0,6,4,0,0,0.6,1,0,0,0.53078,1,1,4,0,0,0,0,9.25925925925926
"2020-01-20","GSW","POR","32:23",69,12,6,10,0.6,0,0,0,0,0,8,4,0,0,0.6666666666666666,1,0,0,0.56951,0.6,0.6,4,1,0.1,0,0,12.048192771084338
"2020-01-22","GSW","UTA","13:50",27,2,0,5,0,0,0,0,0,2,0,0,0,0,0,0,0,0,0.42060000000000003,0,0.16666666666666666,0,0,0,0,0,20.689655172413794
"2020-01-28","DAL","PHX","12:22",24,4,2,4,0.5,0,0,0,0,0,4,0,0,0,1,1,0,0,0.682375,0.5,0.5,0,0,0,0,0,15.384615384615383
"2020-01-31","DAL","HOU","11:28",24,2,1,2,0.5,0,0,0,0,0,2,0,0,0,1,1,0,0,0.5307,0.5,0.5,0,0,0,0,0,10
"2020-02-01","DAL","ATL","25:54",53,7,3,8,0.375,0,0,0,0,1,6,0,0,0,1,1,0,0,0.547925,0.375,0.3888888888888889,0,1,0.125,0,0,16.949152542372882
"2020-02-03","DAL","IND","06:28",14,0,0,0,0,0,0,0,0,0,0,0,0,0,0,0,0,0,0,0,0,0,0,0,0,0,6.666666666666667
"2020-02-05","DAL","MEM","12:01",24,4,2,2,1,0,0,0,0,0,2,2,0,0,0.5,0.5,0,0,0.5689,1,1,0,0,0,0,0,10.344827586206897
"2020-02-07","DAL","WAS","08:49",17,6,3,5,0.6,0,0,0,0,0,6,0,0,0,1,1,0,0,0.52798,0.6,0.6,0,0,0,0,0,27.77777777777778
"2020-02-08","DAL","CHA","25:03",45,15,7,7,1,0,0,0,0,1,12,2,0,0,0.8571428571428571,1,0,0,0.6487285714285714,1,1.0714285714285714,2,0,0,0,0,13.72549019607843
"2020-02-10","DAL","UTA","04:45",10,8,3,3,1,0,0,0,0,2,6,0,0,0,1,1,0,0,0.5122666666666666,1,1,0,0,0,0,0,40
"2020-02-12","DAL","SAC","03:42",8,4,2,2,1,0,1,0,0,0,4,0,0,0,1,1,0,0.3333333333333333,0.63155,0.6666666666666666,0.6666666666666666,0,0,0,0,0,37.5
"2020-03-04","DAL","NOP","15:45",33,2,1,1,1,0,0,0,0,0,2,0,0,0,1,1,0,0,0.4905,1,1,0,0,0,0,0,2.564102564102564
"2020-03-06","DAL","MEM","10:34",21,4,2,5,0.4,0,0,0,0,0,2,2,0,0,0.5,1,0,0,0.5374399999999999,0.4,0.4,2,1,0.2,0,0,19.23076923076923
"2020-03-08","DAL","IND","09:37",21,5,2,2,1,0,0,0,0,1,4,0,0,0,1,1,0,0,0.53,1,0.8333333333333334,0,0,0,0,0,14.285714285714286
"2020-03-11","DAL","DEN","10:30",23,6,3,3,1,0,0,0,0,0,6,0,0,0,1,1,0,0,0.6167333333333334,1,1,0,0,0,0,0,15.384615384615383
"2020-12-23","DAL","PHX","06:02",13,2,1,1,1,0,0,0,0,0,2,0,0,0,1,1,0,0,0.7759,1,1,0,0,0,0,0,7.142857142857142
"2020-12-25","DAL","LAL","14:05",29,0,0,3,0,0,0,0,0,0,0,0,0,0,0,0,0,0,0.5667,0,0,0,1,0.3333333333333333,0,0,13.333333333333334
"2020-12-27","DAL","LAC","18:01",34,9,3,4,0.75,0,1,0,0,3,6,0,0,0,1,1,0,0.2,0.50379,0.6,0.75,0,0,0,0,0,15
"2020-12-30","DAL","CHA","09:21",18,5,2,2,1,0,0,0,0,1,4,0,0,0,1,1,0,0,0.7731,1,0.625,0,0,0,0,0,23.80952380952381
"2021-01-01","DAL","MIA","11:06",21,0,0,1,0,0,0,0,0,0,0,0,0,0,0,0,0,0,0.6657,0,0,0,0,0,0,0,13.636363636363637
"2021-01-03","DAL","CHI","11:44",23,8,4,5,0.8,0,0,0,0,0,8,0,0,0,1,1,0,0,0.5815400000000001,0.8,0.6666666666666666,0,1,0.2,0,0,24
"2021-01-04","DAL","HOU","24:08",50,15,5,7,0.7142857142857143,0,0,0,0,5,8,2,0,0,0.8,1,0,0,0.5793285714285714,0.7142857142857143,0.75,2,1,0.14285714285714285,0,0,17.54385964912281
"2021-01-07","DAL","DEN","26:16",55,5,1,1,1,0,0,0,0,3,0,2,0,0,0,0,0,0,0.5203,1,0.8333333333333334,2,0,0,0,0,5.172413793103448
"2021-01-09","DAL","ORL","23:19",45,6,2,5,0.4,0,0,0,0,2,4,0,0,0,1,1,0,0,0.6201800000000001,0.4,0.5,0,0,0,0,0,14.583333333333334
"2021-01-13","DAL","CHA","29:46",58,4,2,2,1,0,0,0,0,0,4,0,0,0,1,1,0,0,0.7491,1,1,0,0,0,0,0,6.0606060606060606
"2021-01-15","DAL","MIL","30:29",60,11,5,7,0.7142857142857143,0,0,0,0,1,6,4,0,0,0.6,1,0,0,0.6453285714285714,0.7142857142857143,0.6875,4,1,0.14285714285714285,0,0,12.5
"2021-01-17","DAL","CHI","27:06",59,10,5,7,0.7142857142857143,0,1,0,0,0,10,0,0,0,1,1,0,0.125,0.58938125,0.625,0.625,0,0,0,0,0,13.846153846153845
"2021-01-18","DAL","TOR","19:23",39,6,2,5,0.4,0,0,0,0,2,4,0,0,0,1,1,0,0,0.52226,0.4,0.42857142857142855,0,0,0,0,0,23.25581395348837
"2021-01-20","DAL","IND","18:56",40,10,4,9,0.4444444444444444,0,0,0,0,2,6,2,0,0,0.75,1,0,0,0.6420222222222223,0.4444444444444444,0.45454545454545453,2,1,0.1111111111111111,0,0,25.58139534883721
"2021-01-22","DAL","SAS","14:32",30,7,3,4,0.75,0,0,0,0,1,4,2,0,0,0.6666666666666666,0.6666666666666666,0,0,0.683175,0.75,0.7,0,0,0,0,0,14.705882352941176
"2021-01-23","DAL","HOU","18:16",34,6,3,4,0.75,0,0,0,0,0,6,0,0,0,1,1,0,0,0.562725,0.75,0.75,0,1,0.25,0,0,10.81081081081081
"2021-01-25","DAL","DEN","26:32",50,2,0,3,0,0,0,0,0,2,0,0,0,0,0,0,0,0,0.6226666666666667,0,0.2,0,1,0.3333333333333333,0,0,9.09090909090909
"2021-01-27","DAL","UTA","03:03",7,2,1,1,1,0,0,0,0,0,0,2,0,0,0,0,0,0,0.6894,1,1,2,0,0,0,0,11.11111111111111
"2021-01-29","DAL","UTA","09:11",21,0,0,0,0,0,0,0,0,0,0,0,0,0,0,0,0,0,0,0,0,0,0,0,0,0,4.761904761904762
"2021-01-30","DAL","PHX","29:44",57,14,7,8,0.875,0,0,0,0,0,10,4,0,0,0.7142857142857143,1,0,0,0.624725,0.875,0.875,4,0,0,0,0,13.846153846153845
"2021-02-01","DAL","PHX","13:47",30,4,2,2,1,0,0,0,0,0,4,0,0,0,1,1,0,0,0.73405,1,1,0,0,0,0,0,6.451612903225807
"2021-02-03","DAL","ATL","10:53",21,2,1,1,1,0,0,0,0,0,2,0,0,0,1,1,0,0,0.7415,1,1,0,0,0,0,0,4
"2021-02-04","DAL","GSW","05:35",12,3,0,0,0,1,2,0.5,0.5,0,0,0,3,0,0,0,1,1,0.552975,0.75,0.75,0,0,0,0,0,20
"2021-02-10","DAL","ATL","23:26",47,14,5,6,0.8333333333333334,0,0,0,0,4,10,0,0,0,1,1,0,0,0.6123500000000001,0.8333333333333334,0.875,0,1,0.16666666666666666,0,0,16.3265306122449
"2021-02-12","DAL","NOP","13:02",28,6,3,3,1,0,1,0,0,0,6,0,0,0,1,1,0,0.25,0.6771,0.75,0.75,0,0,0,0,0,13.333333333333334
"2021-02-14","DAL","POR","16:27",33,2,0,3,0,0,0,0,0,2,0,0,0,0,0,0,0,0,0.8129333333333334,0,0.25,0,0,0,0,0,10.81081081081081
"2021-02-22","DAL","MEM","20:50",45,4,1,3,0.3333333333333333,0,0,0,0,2,0,2,0,0,0,0,0,0,0.6798333333333333,0.3333333333333333,0.5,2,0,0,0,0,10.416666666666668
"2021-02-23","DAL","BOS","23:56",45,5,2,2,1,0,0,0,0,1,4,0,0,0,1,1,0,0,0.6104,1,0.8333333333333334,0,0,0,0,0,6.25
"2021-02-25","DAL","PHI","17:08",34,2,1,3,0.3333333333333333,0,1,0,0,0,0,2,0,0,0,0,0,0.25,0.637125,0.25,0.25,2,0,0,0,0,13.157894736842104
"2021-02-27","DAL","BKN","16:58",31,6,3,3,1,0,0,0,0,0,4,2,0,0,0.6666666666666666,1,0,0,0.6877333333333334,1,1,2,0,0,0,0,9.375
"2021-03-01","DAL","ORL","03:50",8,2,1,1,1,0,0,0,0,0,0,2,0,0,0,0,0,0,0.4368,1,1,0,0,0,0,0,11.11111111111111
"2021-03-10","DAL","SAS","13:51",29,10,5,6,0.8333333333333334,0,0,0,0,0,10,0,0,0,1,1,0,0,0.6766666666666666,0.8333333333333334,0.8333333333333334,0,1,0.16666666666666666,0,0,18.75
"2021-03-11","DAL","OKC","20:09",40,0,0,1,0,0,1,0,0,0,0,0,0,0,0,0,0,0.5,0.4852,0,0,0,0,0,0,0,4.761904761904762
"2021-03-15","DAL","LAC","16:13",31,6,3,5,0.6,0,0,0,0,0,6,0,0,0,1,1,0,0,0.49817999999999996,0.6,0.6,0,0,0,0,0,16.129032258064516
"2021-03-17","DAL","LAC","11:55",22,4,1,1,1,0,1,0,0,2,2,0,0,0,1,1,0,0.5,0.56945,0.5,0.6666666666666666,0,0,0,0,0,13.043478260869565
"2021-04-12","DAL","PHI","10:05",19,0,0,1,0,0,0,0,0,0,0,0,0,0,0,0,0,0,0.4179,0,0,0,0,0,0,0,10
"2021-04-18","DAL","SAC","05:16",11,4,1,1,1,0,0,0,0,2,2,0,0,0,1,1,0,0,0.7589,1,1,0,0,0,0,0,15.384615384615383
"2021-04-21","DAL","DET","12:56",24,8,3,4,0.75,0,0,0,0,2,4,2,0,0,0.6666666666666666,0.6666666666666666,0,0,0.70975,0.75,0.8,0,0,0,0,0,16.666666666666668
"2021-04-22","DAL","LAL","31:05",64,11,4,6,0.6666666666666666,0,1,0,0,3,8,0,0,0,1,1,0,0.14285714285714285,0.7140714285714286,0.5714285714285714,0.55,0,1,0.16666666666666666,0,0,13.698630136986301
"2021-04-24","DAL","LAL","19:26",37,8,2,2,1,0,0,0,0,4,4,0,0,0,1,1,0,0,0.7175,1,0.8,0,0,0,0,0,16.27906976744186
"2021-04-26","DAL","SAC","26:47",52,8,4,6,0.6666666666666666,0,0,0,0,0,8,0,0,0,1,1,0,0,0.6356333333333334,0.6666666666666666,0.5714285714285714,0,0,0,0,0,13.333333333333334
"2021-04-27","DAL","GSW","23:12",48,6,3,4,0.75,0,0,0,0,0,4,2,0,0,0.6666666666666666,1,0,0,0.586775,0.75,0.75,2,1,0.25,0,0,7.8431372549019605
"2021-04-29","DAL","DET","11:41",24,0,0,1,0,0,0,0,0,0,0,0,0,0,0,0,0,0,0.8247,0,0,0,0,0,0,0,7.692307692307692
"2021-05-01","DAL","WAS","26:46",57,6,3,4,0.75,0,1,0,0,0,4,2,0,0,0.6666666666666666,1,0,0.2,0.68187,0.6,0.6,2,0,0,0,0,9.67741935483871
"2021-05-02","DAL","SAC","09:18",17,1,0,0,0,0,0,0,0,1,0,0,0,0,0,0,0,0,0,0,0.5,0,0,0,0,0,10.526315789473685
"2021-05-04","DAL","MIA","18:15",33,2,1,2,0.5,0,0,0,0,0,2,0,0,0,1,1,0,0,0.45045,0.5,0.5,0,0,0,0,0,5.2631578947368425
"2021-05-06","DAL","BKN","20:50",45,6,3,6,0.5,0,0,0,0,0,6,0,0,0,1,1,0,0,0.7073166666666667,0.5,0.5,0,0,0,0,0,13.20754716981132
"2021-05-07","DAL","CLE","22:50",42,3,1,1,1,0,1,0,0,1,2,0,0,0,1,1,0,0.5,0.622725,0.5,0.5,0,0,0,0,0,6.382978723404256
"2021-05-09","DAL","CLE","16:33",33,4,2,2,1,0,0,0,0,0,4,0,0,0,1,1,0,0,0.568,1,1,0,0,0,0,0,8.823529411764705
"2021-05-11","DAL","MEM","15:09",31,16,7,8,0.875,0,0,0,0,2,8,6,0,0,0.5714285714285714,1,0,0,0.5961125,0.875,0.8888888888888888,6,1,0.125,0,0,28.571428571428573
"2021-05-12","DAL","NOP","13:13",30,5,2,3,0.6666666666666666,0,0,0,0,1,2,2,0,0,0.5,1,0,0,0.7421333333333333,0.6666666666666666,0.8333333333333334,2,0,0,0,0,12.121212121212121
"2021-05-14","DAL","TOR","14:15",30,0,0,0,0,0,0,0,0,0,0,0,0,0,0,0,0,0,0,0,0,0,0,0,0,0,2.941176470588235
"2021-05-16","DAL","MIN","09:23",17,0,0,1,0,0,0,0,0,0,0,0,0,0,0,0,0,0,0.6725,0,0,0,0,0,0,0,9.523809523809524
"2021-10-21","DAL","ATL","12:37",29,2,1,4,0.25,0,0,0,0,0,2,0,0,0,1,1,0,0,0.515225,0.25,0.25,0,0,0,0,0,13.333333333333334
"2021-10-23","DAL","TOR","03:29",5,0,0,0,0,0,0,0,0,0,0,0,0,0,0,0,0,0,0,0,0,0,0,0,0,0,0
"2021-10-26","DAL","HOU","05:10",12,0,0,0,0,0,0,0,0,0,0,0,0,0,0,0,0,0,0,0,0,0,0,0,0,0,7.692307692307692
"2021-10-28","DAL","SAS","13:50",27,4,2,3,0.6666666666666666,0,1,0,0,0,4,0,0,0,1,1,0,0.25,0.64325,0.5,0.5,0,1,0.3333333333333333,0,0,12.5
"2021-10-29","DAL","DEN","13:10",26,4,2,2,1,0,0,0,0,0,4,0,0,0,1,1,0,0,0.71265,1,1,0,0,0,0,0,7.142857142857142
"2021-10-31","DAL","SAC","13:44",28,4,2,4,0.5,0,0,0,0,0,2,2,0,0,0.5,1,0,0,0.504375,0.5,0.5,2,0,0,0,0,12.121212121212121
"2021-11-02","DAL","MIA","19:05",36,0,0,2,0,0,0,0,0,0,0,0,0,0,0,0,0,0,0.49835,0,0,0,2,1,0,0,6.666666666666666
"2021-11-03","DAL","SAS","10:00",22,0,0,1,0,0,0,0,0,0,0,0,0,0,0,0,0,0,0.5384,0,0,0,1,1,0,0,3.846153846153846
"2021-11-06","DAL","BOS","08:30",16,0,0,0,0,0,0,0,0,0,0,0,0,0,0,0,0,0,0,0,0,0,0,0,0,0,0
"2021-11-08","DAL","NOP","04:51",10,0,0,0,0,0,0,0,0,0,0,0,0,0,0,0,0,0,0,0,0,0,0,0,0,0,0
"2021-11-10","DAL","CHI","05:13",11,2,1,2,0.5,0,0,0,0,0,2,0,0,0,1,1,0,0,0.67705,0.5,0.5,0,0,0,0,0,18.181818181818183
"2021-11-12","DAL","SAS","09:40",22,0,0,0,0,0,0,0,0,0,0,0,0,0,0,0,0,0,0,0,0,0,0,0,0,0,0
"2021-11-15","DAL","DEN","03:06",6,0,0,0,0,0,0,0,0,0,0,0,0,0,0,0,0,0,0,0,0,0,0,0,0,0,0
"2021-11-17","DAL","PHX","08:33",18,0,0,1,0,0,0,0,0,0,0,0,0,0,0,0,0,0,0.5249,0,0,0,0,0,0,0,10.526315789473685
"2021-11-19","DAL","PHX","09:20",25,8,2,2,1,1,1,1,1,1,2,2,3,0,0.5,0.5,1,0.3333333333333333,0.5070333333333333,1.1666666666666667,1,0,0,0,0,0,15.384615384615383
"2021-11-21","DAL","LAC","09:32",19,4,2,2,1,0,0,0,0,0,4,0,0,0,1,1,0,0,0.42075,1,1,0,0,0,0,0,21.05263157894737
"2021-11-23","DAL","LAC","17:03",32,2,1,4,0.25,0,0,0,0,0,2,0,0,0,1,1,0,0,0.47525,0.25,0.25,0,1,0.25,0,0,10.256410256410255
"2021-11-27","DAL","WAS","10:16",22,4,2,6,0.3333333333333333,0,0,0,0,0,2,2,0,0,0.5,1,0,0,0.5939,0.3333333333333333,0.3333333333333333,2,1,0.16666666666666666,0,0,30.769230769230766
"2022-02-25","PHI","MIN","04:25",10,0,0,0,0,0,0,0,0,0,0,0,0,0,0,0,0,0,0,0,0,0,0,0,0,0,0
"2022-03-02","PHI","NYK","01:15",2,0,0,0,0,0,0,0,0,0,0,0,0,0,0,0,0,0,0,0,0,0,0,0,0,0,0